
	<!DOCTYPE project [
		<!ELEMENT project (objectids-table | current-scenario | duration | aggregation-period | truncated-mean | percentile)* >
	
		<!ELEMENT objectids-table (objectids-entry)* >
		<!ELEMENT objectids-entry (#PCDATA)>
		<!ELEMENT duration (#PCDATA)>
		<!ELEMENT truncated-mean (#PCDATA)>
		<!ELEMENT percentile (#PCDATA)>
		<!ELEMENT aggregation-period (#PCDATA)>
		<!ELEMENT current-scenario (#PCDATA)>
		<!ATTLIST duration
		    value CDATA #REQUIRED>
	    <!ATTLIST aggregation-period
		    value CDATA #REQUIRED>
		<!ATTLIST objectids-entry
		    objectid CDATA #REQUIRED
		    type CDATA #REQUIRED
		    value CDATA #REQUIRED
		    key CDATA #REQUIRED>
		<!ATTLIST truncated-mean
		    centered-interval CDATA #REQUIRED
		    percentage CDATA #REQUIRED>
		 <!ATTLIST percentile
		    percentage CDATA #REQUIRED>
	]>


<!--****** RUNTIME PROJECT ******--><project>
<!--****** CURRENT SCENARIO ******-->
<current-scenario>Wikipedia_1</current-scenario>
<!--****** OBJECTIDS ******-->
<objectids-table>
<objectids-entry key="" objectid="0" type="LG_HOST" value="localhost:7100"/>
<objectids-entry key="" objectid="1" type="ZONE" value="Default zone"/>
<objectids-entry key="Default zone¤Low_Wiki_1¤" objectid="2" type="POPULATION" value="Low_Wiki_1"/>
<objectids-entry key="Default zone¤Low_Wiki_1¤Wikipedia_1" objectid="3" type="VIRTUAL_USER" value="Wikipedia_1"/>
<objectids-entry key="Default zone¤Low_Wiki_1¤Wikipedia_1" objectid="4" type="BASIC_LOGICAL_CONTAINER" value="$parent=Wikipedia_1;$index=0"/>
<objectids-entry key="Default zone¤Low_Wiki_1¤Wikipedia_1" objectid="5" type="BASIC_LOGICAL_CONTAINER" value="$parent=Wikipedia_1;$index=1"/>
<objectids-entry key="Default zone¤Low_Wiki_1¤Wikipedia_1" objectid="6" type="HTTP_PAGE" value="4522232c-7d61-424c-9ef9-efccef3fc52b"/>
<objectids-entry key="Default zone¤Low_Wiki_1¤Wikipedia_1" objectid="7" type="ACTION" value="59b6678f-21a3-46b9-b71e-908e3b932cf6"/>
<objectids-entry key="Default zone¤Low_Wiki_1¤Wikipedia_1" objectid="8" type="BASIC_LOGICAL_CONTAINER" value="cfdddedc-0150-4b8e-b477-368ee3776c2b"/>
<objectids-entry key="Default zone¤Low_Wiki_1¤Wikipedia_1" objectid="9" type="HTTP_PAGE" value="d636f9a6-12f8-4a49-b067-0faa9f3ae204"/>
<objectids-entry key="Default zone¤Low_Wiki_1¤Wikipedia_1" objectid="10" type="ACTION" value="c685d6d0-9d2a-43d8-b385-051f937331d7"/>
<objectids-entry key="Default zone¤Low_Wiki_1¤Wikipedia_1" objectid="11" type="BASIC_LOGICAL_CONTAINER" value="218b2d22-19d8-4983-a638-4941952df0ab"/>
<objectids-entry key="Default zone¤Low_Wiki_1¤Wikipedia_1" objectid="12" type="HTTP_PAGE" value="3f3f6d87-6964-4900-b03e-01ea83cf7704"/>
<objectids-entry key="Default zone¤Low_Wiki_1¤Wikipedia_1" objectid="13" type="ACTION" value="a4004e08-50b8-4a08-a38e-17e42ba0152f"/>
<objectids-entry key="Default zone¤Low_Wiki_1¤Wikipedia_1" objectid="14" type="HTTP_PAGE" value="1f04b6a0-b79c-4dc0-9507-984190e02e3d"/>
<objectids-entry key="Default zone¤Low_Wiki_1¤Wikipedia_1" objectid="15" type="ACTION" value="d0005252-a8d8-4be2-a0eb-eed2cd577eea"/>
<objectids-entry key="Default zone¤Low_Wiki_1¤Wikipedia_1" objectid="16" type="BASIC_LOGICAL_CONTAINER" value="0b141b69-2203-4a8d-937a-99bd72aaf1f4"/>
<objectids-entry key="Default zone¤Low_Wiki_1¤Wikipedia_1" objectid="17" type="HTTP_PAGE" value="18dba291-8842-4d53-85a1-d35478257f4c"/>
<objectids-entry key="Default zone¤Low_Wiki_1¤Wikipedia_1" objectid="18" type="ACTION" value="88ff32af-68fd-4d3b-80f7-87452b9465b6"/>
<objectids-entry key="Default zone¤Low_Wiki_1¤Wikipedia_1" objectid="19" type="BASIC_LOGICAL_CONTAINER" value="3d3df748-a756-4dd2-965e-5727cac3f56c"/>
<objectids-entry key="Default zone¤Low_Wiki_1¤Wikipedia_1" objectid="20" type="HTTP_PAGE" value="fb8ccd78-3553-4cea-a9f3-7e0429eff512"/>
<objectids-entry key="Default zone¤Low_Wiki_1¤Wikipedia_1" objectid="21" type="ACTION" value="359c45e9-6dee-4665-be4c-eff6cfcfb088"/>
<objectids-entry key="Default zone¤Low_Wiki_1¤Wikipedia_1" objectid="22" type="ACTION" value="aa95ff99-4065-4e28-9a42-85fa781ab263"/>
<objectids-entry key="Default zone¤Low_Wiki_1¤Wikipedia_1" objectid="23" type="ACTION" value="68e4bb56-d79a-470a-b071-999441877f1c"/>
<objectids-entry key="Default zone¤Low_Wiki_1¤Wikipedia_1" objectid="24" type="ACTION" value="90a4b8f5-168f-432b-a23a-8a9cb1475a89"/>
<objectids-entry key="Default zone¤Low_Wiki_1¤Wikipedia_1" objectid="25" type="ACTION" value="1541f898-a282-4ba5-8743-afe1d573af7f"/>
<objectids-entry key="Default zone¤Low_Wiki_1¤Wikipedia_1" objectid="26" type="ACTION" value="e93007db-5650-478a-ac39-fc99ff5341e9"/>
<objectids-entry key="Default zone¤Low_Wiki_1¤Wikipedia_1" objectid="27" type="ACTION" value="4e87da90-3111-4870-80e9-f5254d4f4b0d"/>
<objectids-entry key="Default zone¤Low_Wiki_1¤Wikipedia_1" objectid="28" type="ACTION" value="33f9ecb2-6ea1-435f-9793-1271696ae234"/>
<objectids-entry key="Default zone¤Low_Wiki_1¤Wikipedia_1" objectid="29" type="ACTION" value="8fe4f252-800e-4c86-bcbb-1a41a358117b"/>
<objectids-entry key="Default zone¤Low_Wiki_1¤Wikipedia_1" objectid="30" type="ACTION" value="c019757b-1781-4c38-8197-82b7e8537cbd"/>
<objectids-entry key="Default zone¤Low_Wiki_1¤Wikipedia_1" objectid="31" type="ACTION" value="7f771498-8ac4-4a76-b4e9-25858250ff16"/>
<objectids-entry key="Default zone¤Low_Wiki_1¤Wikipedia_1" objectid="32" type="ACTION" value="1babb681-c081-4789-bd9d-d4b4594d62bd"/>
<objectids-entry key="Default zone¤Low_Wiki_1¤Wikipedia_1" objectid="33" type="ACTION" value="37d4796a-824e-406f-8277-05736e27f159"/>
<objectids-entry key="Default zone¤Low_Wiki_1¤Wikipedia_1" objectid="34" type="ACTION" value="a0288bcd-e24d-4282-b5d2-9dd25eaeed22"/>
<objectids-entry key="Default zone¤Low_Wiki_1¤Wikipedia_1" objectid="35" type="HTTP_PAGE" value="c83e89a3-3496-43a0-a056-493bbcdaf4f0"/>
<objectids-entry key="Default zone¤Low_Wiki_1¤Wikipedia_1" objectid="36" type="ACTION" value="8ffcfa6c-c6f3-41db-8093-41e23f05c23a"/>
<objectids-entry key="Default zone¤Low_Wiki_1¤Wikipedia_1" objectid="37" type="ACTION" value="820bb20c-ec3a-4645-8c8a-f9763bb59a8a"/>
<objectids-entry key="Default zone¤Low_Wiki_1¤Wikipedia_1" objectid="38" type="ACTION" value="e1d7773e-17da-461a-ae4b-953f606e6547"/>
<objectids-entry key="Default zone¤Low_Wiki_1¤Wikipedia_1" objectid="39" type="ACTION" value="71128795-7eea-4202-ba4e-c16d9958c2e1"/>
<objectids-entry key="Default zone¤Low_Wiki_1¤Wikipedia_1" objectid="40" type="HTTP_PAGE" value="d0d32711-616d-4e84-8be7-06b56cbac8f8"/>
<objectids-entry key="Default zone¤Low_Wiki_1¤Wikipedia_1" objectid="41" type="ACTION" value="e0a88846-5b96-469e-badd-a48a58203f22"/>
<objectids-entry key="Default zone¤Low_Wiki_1¤Wikipedia_1" objectid="42" type="HTTP_PAGE" value="b76e724f-9cca-4126-afe7-37de8667791f"/>
<objectids-entry key="Default zone¤Low_Wiki_1¤Wikipedia_1" objectid="43" type="ACTION" value="ada935f4-ea07-4c7c-8704-19d58a239288"/>
<objectids-entry key="Default zone¤Low_Wiki_1¤Wikipedia_1" objectid="44" type="HTTP_PAGE" value="5474a4f7-1ba6-4ad0-a6a2-086e42813050"/>
<objectids-entry key="Default zone¤Low_Wiki_1¤Wikipedia_1" objectid="45" type="ACTION" value="d1a477e1-3346-4eba-9353-3607710772eb"/>
<objectids-entry key="Default zone¤Low_Wiki_1¤Wikipedia_1" objectid="46" type="ACTION" value="d9d6707d-5e46-4ed7-b28f-0a0f3fb5ee0f"/>
<objectids-entry key="Default zone¤Low_Wiki_1¤Wikipedia_1" objectid="47" type="ACTION" value="f750058a-cc97-44c7-bc5c-2866e11bb3ab"/>
<objectids-entry key="Default zone¤Low_Wiki_1¤Wikipedia_1" objectid="48" type="ACTION" value="068e5029-2667-42ce-b25d-ac9ec1a2c7f6"/>
<objectids-entry key="Default zone¤Low_Wiki_1¤Wikipedia_1" objectid="49" type="HTTP_PAGE" value="752bf246-08d5-43aa-91c3-efd25294c15c"/>
<objectids-entry key="Default zone¤Low_Wiki_1¤Wikipedia_1" objectid="50" type="ACTION" value="c79980f9-41b2-435b-a16a-21323834fe49"/>
<objectids-entry key="Default zone¤Low_Wiki_1¤Wikipedia_1" objectid="51" type="BASIC_LOGICAL_CONTAINER" value="6db7d528-34f9-4e07-a51d-16962519e944"/>
<objectids-entry key="Default zone¤Low_Wiki_1¤Wikipedia_1" objectid="52" type="HTTP_PAGE" value="cd22b6ac-fd3f-429d-9088-fb3aff460ae1"/>
<objectids-entry key="Default zone¤Low_Wiki_1¤Wikipedia_1" objectid="53" type="ACTION" value="33304259-49ca-49ac-b702-2ead6fc794a5"/>
<objectids-entry key="Default zone¤Low_Wiki_1¤Wikipedia_1" objectid="54" type="ACTION" value="044a175d-b6d6-4111-95d4-5c6ba5643da2"/>
<objectids-entry key="Default zone¤Low_Wiki_1¤Wikipedia_1" objectid="55" type="ACTION" value="1376a412-9549-4c58-9ae5-c7086aac4112"/>
<objectids-entry key="Default zone¤Low_Wiki_1¤Wikipedia_1" objectid="56" type="ACTION" value="1c0172f5-1bdc-4fa4-9073-b430595dd117"/>
<objectids-entry key="Default zone¤Low_Wiki_1¤Wikipedia_1" objectid="57" type="ACTION" value="d10951d9-5958-410f-ab94-4b19e1db9c9e"/>
<objectids-entry key="Default zone¤Low_Wiki_1¤Wikipedia_1" objectid="58" type="ACTION" value="cad03514-0c59-432f-8897-0607bee1e75d"/>
<objectids-entry key="Default zone¤Low_Wiki_1¤Wikipedia_1" objectid="59" type="ACTION" value="d458ebda-766c-40f2-afa0-a245cb2d3b2a"/>
<objectids-entry key="Default zone¤Low_Wiki_1¤Wikipedia_1" objectid="60" type="ACTION" value="c911c130-490c-497e-bcd6-6e5b44a58d93"/>
<objectids-entry key="Default zone¤Low_Wiki_1¤Wikipedia_1" objectid="61" type="ACTION" value="352f0795-cdc6-406c-b47b-b844cb45b5bb"/>
<objectids-entry key="Default zone¤Low_Wiki_1¤Wikipedia_1" objectid="62" type="ACTION" value="5428b1ee-1442-4619-85b0-154225b37ee0"/>
<objectids-entry key="Default zone¤Low_Wiki_1¤Wikipedia_1" objectid="63" type="ACTION" value="31f4df23-00aa-461a-a1c7-966bd22f629c"/>
<objectids-entry key="Default zone¤Low_Wiki_1¤Wikipedia_1" objectid="64" type="ACTION" value="ddec46c5-6474-44c7-88ae-0a2a2ac667ec"/>
<objectids-entry key="Default zone¤Low_Wiki_1¤Wikipedia_1" objectid="65" type="ACTION" value="9823f981-a911-4a07-9e22-f94057ef8f87"/>
<objectids-entry key="Default zone¤Low_Wiki_1¤Wikipedia_1" objectid="66" type="ACTION" value="109fa1aa-5696-4bfe-9340-011e5558e605"/>
<objectids-entry key="Default zone¤Low_Wiki_1¤Wikipedia_1" objectid="67" type="ACTION" value="be06be8b-6aa7-4542-bd21-6ff71badc08e"/>
<objectids-entry key="Default zone¤Low_Wiki_1¤Wikipedia_1" objectid="68" type="ACTION" value="4aa2b0ba-a8e6-4ccf-8162-0b76014dc7fa"/>
<objectids-entry key="Default zone¤Low_Wiki_1¤Wikipedia_1" objectid="69" type="ACTION" value="ff549bd3-a401-47b4-9ecd-94cfafc6bcfc"/>
<objectids-entry key="Default zone¤Low_Wiki_1¤Wikipedia_1" objectid="70" type="ACTION" value="36b8b269-bb82-4b7e-893d-2eb4458d6630"/>
<objectids-entry key="Default zone¤Low_Wiki_1¤Wikipedia_1" objectid="71" type="ACTION" value="6ca47e38-b987-43e2-a693-301230f1786b"/>
<objectids-entry key="Default zone¤Low_Wiki_1¤Wikipedia_1" objectid="72" type="ACTION" value="37dd2dde-3c96-4bbd-9370-4f404e11c4b8"/>
<objectids-entry key="Default zone¤Low_Wiki_1¤Wikipedia_1" objectid="73" type="ACTION" value="6c6cc1b0-7b96-4a41-8b19-ab7be3318ca2"/>
<objectids-entry key="Default zone¤Low_Wiki_1¤Wikipedia_1" objectid="74" type="ACTION" value="954b13d2-e89a-43da-8135-4b8168efc483"/>
<objectids-entry key="Default zone¤Low_Wiki_1¤Wikipedia_1" objectid="75" type="ACTION" value="cebc41d5-5070-4abd-915a-073a14bf5be6"/>
<objectids-entry key="Default zone¤Low_Wiki_1¤Wikipedia_1" objectid="76" type="ACTION" value="a4a83337-df28-4378-9293-c79aaa2a810d"/>
<objectids-entry key="Default zone¤Low_Wiki_1¤Wikipedia_1" objectid="77" type="ACTION" value="76861023-b8b8-4259-a83a-e59e872c9d18"/>
<objectids-entry key="Default zone¤Low_Wiki_1¤Wikipedia_1" objectid="78" type="ACTION" value="f0564531-35e2-4d94-b0cd-f41c22b37400"/>
<objectids-entry key="Default zone¤Low_Wiki_1¤Wikipedia_1" objectid="79" type="ACTION" value="e4e5deba-2720-444e-9923-9208aa68f684"/>
<objectids-entry key="Default zone¤Low_Wiki_1¤Wikipedia_1" objectid="80" type="ACTION" value="f8171862-2cb9-48f2-ad2a-0db7d2fefcd8"/>
<objectids-entry key="Default zone¤Low_Wiki_1¤Wikipedia_1" objectid="81" type="ACTION" value="986d2665-363d-4da1-984e-b27f189f9a39"/>
<objectids-entry key="Default zone¤Low_Wiki_1¤Wikipedia_1" objectid="82" type="ACTION" value="390bfd32-b9a0-4299-a447-058a337a8b34"/>
<objectids-entry key="Default zone¤Low_Wiki_1¤Wikipedia_1" objectid="83" type="ACTION" value="a267a9eb-a910-4cec-9cc6-6e3290c377da"/>
<objectids-entry key="Default zone¤Low_Wiki_1¤Wikipedia_1" objectid="84" type="ACTION" value="98a46a49-a0a2-45ee-ba90-52a165d4de0d"/>
<objectids-entry key="Default zone¤Low_Wiki_1¤Wikipedia_1" objectid="85" type="ACTION" value="ed57b85c-9ee2-4726-ad47-e6868104efd5"/>
<objectids-entry key="Default zone¤Low_Wiki_1¤Wikipedia_1" objectid="86" type="ACTION" value="7e62e148-c3ae-4568-b52a-3acce931c0d0"/>
<objectids-entry key="Default zone¤Low_Wiki_1¤Wikipedia_1" objectid="87" type="ACTION" value="af53375f-f705-46bb-b29d-2ddaa570a0a0"/>
<objectids-entry key="Default zone¤Low_Wiki_1¤Wikipedia_1" objectid="88" type="ACTION" value="ebdacb56-f226-4fb1-87b9-4545d4b94f0a"/>
<objectids-entry key="Default zone¤Low_Wiki_1¤Wikipedia_1" objectid="89" type="ACTION" value="9b95b09a-ee4b-45b6-ab89-258065c6b746"/>
<objectids-entry key="Default zone¤Low_Wiki_1¤Wikipedia_1" objectid="90" type="ACTION" value="2918edf8-6186-4b4e-8e42-b3e9bb8a60d9"/>
<objectids-entry key="Default zone¤Low_Wiki_1¤Wikipedia_1" objectid="91" type="ACTION" value="87b35df9-bfed-4f9e-8bea-7a2bee9bee90"/>
<objectids-entry key="Default zone¤Low_Wiki_1¤Wikipedia_1" objectid="92" type="ACTION" value="8ad9f79c-7739-445e-a3d2-a42402aa57c2"/>
<objectids-entry key="Default zone¤Low_Wiki_1¤Wikipedia_1" objectid="93" type="ACTION" value="c35000f6-4304-4877-abf0-7d7a28a65e7d"/>
<objectids-entry key="Default zone¤Low_Wiki_1¤Wikipedia_1" objectid="94" type="ACTION" value="203dea8d-bd05-4ba2-b143-ad60584b9a95"/>
<objectids-entry key="Default zone¤Low_Wiki_1¤Wikipedia_1" objectid="95" type="ACTION" value="2e92a343-7f8b-4071-969e-64ed7bd2f284"/>
<objectids-entry key="Default zone¤Low_Wiki_1¤Wikipedia_1" objectid="96" type="ACTION" value="b0d11ee5-c0b7-4cb7-bd11-a1a1239e3ecb"/>
<objectids-entry key="Default zone¤Low_Wiki_1¤Wikipedia_1" objectid="97" type="ACTION" value="ad0a747a-c192-456e-b4cb-0e4084f97613"/>
<objectids-entry key="Default zone¤Low_Wiki_1¤Wikipedia_1" objectid="98" type="ACTION" value="785ccc67-3839-45c2-84e2-33fcd7424859"/>
<objectids-entry key="Default zone¤Low_Wiki_1¤Wikipedia_1" objectid="99" type="ACTION" value="467ad165-1f02-45ea-b393-fb45584cf370"/>
<objectids-entry key="Default zone¤Low_Wiki_1¤Wikipedia_1" objectid="100" type="ACTION" value="7a45d10c-47b6-4eb2-b434-02180054de13"/>
<objectids-entry key="Default zone¤Low_Wiki_1¤Wikipedia_1" objectid="101" type="ACTION" value="53feaab0-c972-489c-b5a8-7a69c17850e8"/>
<objectids-entry key="Default zone¤Low_Wiki_1¤Wikipedia_1" objectid="102" type="ACTION" value="e7426733-37ff-417f-8f8b-ac0dd280dc7b"/>
<objectids-entry key="Default zone¤Low_Wiki_1¤Wikipedia_1" objectid="103" type="ACTION" value="77e20b15-10ac-4d5a-bd70-0044dd7cb7f7"/>
<objectids-entry key="Default zone¤Low_Wiki_1¤Wikipedia_1" objectid="104" type="ACTION" value="f742d4b4-dadf-413f-91ee-b6e367548172"/>
<objectids-entry key="Default zone¤Low_Wiki_1¤Wikipedia_1" objectid="105" type="ACTION" value="a8c13717-47a3-4653-8c05-6693070d5142"/>
<objectids-entry key="Default zone¤Low_Wiki_1¤Wikipedia_1" objectid="106" type="HTTP_PAGE" value="2aad486d-5f35-4bea-930d-6d2016ccc63a"/>
<objectids-entry key="Default zone¤Low_Wiki_1¤Wikipedia_1" objectid="107" type="ACTION" value="f9136320-7d8c-4bc8-bf59-598c3f15b26e"/>
<objectids-entry key="Default zone¤Low_Wiki_1¤Wikipedia_1" objectid="108" type="HTTP_PAGE" value="d6ec893e-586f-473f-84b6-3114da815097"/>
<objectids-entry key="Default zone¤Low_Wiki_1¤Wikipedia_1" objectid="109" type="ACTION" value="f5d0f11e-046c-4b25-acb6-41a76dba78fd"/>
<objectids-entry key="Default zone¤Low_Wiki_1¤Wikipedia_1" objectid="110" type="ACTION" value="22f199bb-25ba-4d89-85d4-aa5f0afb8223"/>
<objectids-entry key="Default zone¤Low_Wiki_1¤Wikipedia_1" objectid="111" type="BASIC_LOGICAL_CONTAINER" value="674c4a4f-5af7-4e05-8645-686d14f7ffdd"/>
<objectids-entry key="Default zone¤Low_Wiki_1¤Wikipedia_1" objectid="112" type="HTTP_PAGE" value="ecfaf3ac-75a0-40bb-b50e-55a00b54091b"/>
<objectids-entry key="Default zone¤Low_Wiki_1¤Wikipedia_1" objectid="113" type="ACTION" value="5b8f4e9f-2410-4b8e-a130-061e90975490"/>
<objectids-entry key="Default zone¤Low_Wiki_1¤Wikipedia_1" objectid="114" type="BASIC_LOGICAL_CONTAINER" value="90004328-0e6f-460e-858e-9641c50b1a0a"/>
<objectids-entry key="Default zone¤Low_Wiki_1¤Wikipedia_1" objectid="115" type="HTTP_PAGE" value="db66cdf2-c0c3-4d29-bce6-20600be87796"/>
<objectids-entry key="Default zone¤Low_Wiki_1¤Wikipedia_1" objectid="116" type="ACTION" value="d4f1e3d5-38c4-434e-bd50-377df74beda3"/>
<objectids-entry key="Default zone¤Low_Wiki_1¤Wikipedia_1" objectid="117" type="HTTP_PAGE" value="39eade0c-f75f-44b5-ad2b-7c0a4f20abb8"/>
<objectids-entry key="Default zone¤Low_Wiki_1¤Wikipedia_1" objectid="118" type="ACTION" value="0825c85f-212f-48b7-bcfd-9e0bdcd11ff2"/>
<objectids-entry key="Default zone¤Low_Wiki_1¤Wikipedia_1" objectid="119" type="ACTION" value="4c2e2323-0ec6-4180-af8d-f65da6536068"/>
<objectids-entry key="Default zone¤Low_Wiki_1¤Wikipedia_1" objectid="120" type="ACTION" value="99f221d0-4b75-4ff3-a7e3-cdfcdc96c5a8"/>
<objectids-entry key="Default zone¤Low_Wiki_1¤Wikipedia_1" objectid="121" type="ACTION" value="53c49d76-5e1a-4dd5-bf31-635be4b34b1b"/>
<objectids-entry key="Default zone¤Low_Wiki_1¤Wikipedia_1" objectid="122" type="ACTION" value="a06f5b5b-dce9-44ce-8940-4ca5f01eec1c"/>
<objectids-entry key="Default zone¤Low_Wiki_1¤Wikipedia_1" objectid="123" type="ACTION" value="e483047a-24a0-4959-aac0-c31ceb50250a"/>
<objectids-entry key="Default zone¤Low_Wiki_1¤Wikipedia_1" objectid="124" type="ACTION" value="99420692-cf56-4044-a872-ffef2599bc80"/>
<objectids-entry key="Default zone¤Low_Wiki_1¤Wikipedia_1" objectid="125" type="ACTION" value="320185d6-cff8-462d-bfec-4439e0bd6e18"/>
<objectids-entry key="Default zone¤Low_Wiki_1¤Wikipedia_1" objectid="126" type="ACTION" value="14692a0a-df6a-4ed8-aae2-2a43c2437df6"/>
<objectids-entry key="Default zone¤Low_Wiki_1¤Wikipedia_1" objectid="127" type="ACTION" value="456b89e1-52db-4e45-806e-158cb10b5286"/>
<objectids-entry key="Default zone¤Low_Wiki_1¤Wikipedia_1" objectid="128" type="ACTION" value="e4fad267-50f2-40e2-aca2-44657a274b3a"/>
<objectids-entry key="Default zone¤Low_Wiki_1¤Wikipedia_1" objectid="129" type="ACTION" value="4c6cd405-f2f8-4400-b1e7-2cc21624d1fb"/>
<objectids-entry key="Default zone¤Low_Wiki_1¤Wikipedia_1" objectid="130" type="ACTION" value="1a4c8fc2-a6e6-4093-a5ad-fef101988640"/>
<objectids-entry key="Default zone¤Low_Wiki_1¤Wikipedia_1" objectid="131" type="ACTION" value="c8c241d2-748c-4bb4-a9a9-a8dbad2dcdbf"/>
<objectids-entry key="Default zone¤Low_Wiki_1¤Wikipedia_1" objectid="132" type="ACTION" value="b19ce266-4bb4-4097-8b11-a8e8c65fa244"/>
<objectids-entry key="Default zone¤Low_Wiki_1¤Wikipedia_1" objectid="133" type="ACTION" value="fd7bc0a8-038d-4998-8eaa-5662207e840a"/>
<objectids-entry key="Default zone¤Low_Wiki_1¤Wikipedia_1" objectid="134" type="ACTION" value="dab828b6-2298-4bd8-a39a-e0438c425746"/>
<objectids-entry key="Default zone¤Low_Wiki_1¤Wikipedia_1" objectid="135" type="ACTION" value="d668ddbc-14f9-4faa-b000-baed93e7305b"/>
<objectids-entry key="Default zone¤Low_Wiki_1¤Wikipedia_1" objectid="136" type="ACTION" value="4b1213d4-433f-4196-a991-75805cba2e8c"/>
<objectids-entry key="Default zone¤Low_Wiki_1¤Wikipedia_1" objectid="137" type="ACTION" value="bef06677-0fd0-4aa5-aed0-92f9f353c664"/>
<objectids-entry key="Default zone¤Low_Wiki_1¤Wikipedia_1" objectid="138" type="ACTION" value="7b24faae-70ca-444a-9ff1-292cd6646e14"/>
<objectids-entry key="Default zone¤Low_Wiki_1¤Wikipedia_1" objectid="139" type="ACTION" value="1e4d6f24-4e03-45ef-8123-d35f2bb0b7fc"/>
<objectids-entry key="Default zone¤Low_Wiki_1¤Wikipedia_1" objectid="140" type="ACTION" value="590c4a0a-fbf7-4f92-b169-4bfb2725351d"/>
<objectids-entry key="Default zone¤Low_Wiki_1¤Wikipedia_1" objectid="141" type="ACTION" value="dedf7a7f-0432-44c7-af9a-1b5b855b6b9d"/>
<objectids-entry key="Default zone¤Low_Wiki_1¤Wikipedia_1" objectid="142" type="ACTION" value="7ab7f80e-f499-433e-8700-7e877d007df4"/>
<objectids-entry key="Default zone¤Low_Wiki_1¤Wikipedia_1" objectid="143" type="ACTION" value="bf3cd55f-fd7e-464a-bc0f-e78ac9623372"/>
<objectids-entry key="Default zone¤Low_Wiki_1¤Wikipedia_1" objectid="144" type="ACTION" value="e3f17641-52c5-49a1-9e07-cc89e9bcc764"/>
<objectids-entry key="Default zone¤Low_Wiki_1¤Wikipedia_1" objectid="145" type="ACTION" value="945e8aed-7ac8-4f76-be19-e59d7411e4a8"/>
<objectids-entry key="Default zone¤Low_Wiki_1¤Wikipedia_1" objectid="146" type="ACTION" value="ebbf272b-7fe8-4957-8f1b-86b2ccb283b5"/>
<objectids-entry key="Default zone¤Low_Wiki_1¤Wikipedia_1" objectid="147" type="ACTION" value="b69c75f0-a4f5-4298-ad98-e4686fed0f8f"/>
<objectids-entry key="Default zone¤Low_Wiki_1¤Wikipedia_1" objectid="148" type="ACTION" value="697d5133-c1a5-45fb-951b-5b979f49a7aa"/>
<objectids-entry key="Default zone¤Low_Wiki_1¤Wikipedia_1" objectid="149" type="ACTION" value="d7a6d7f2-1cae-468b-b2bf-29ff07269d1a"/>
<objectids-entry key="Default zone¤Low_Wiki_1¤Wikipedia_1" objectid="150" type="ACTION" value="021a15ef-1d8f-4f6a-aec2-83529c30e066"/>
<objectids-entry key="Default zone¤Low_Wiki_1¤Wikipedia_1" objectid="151" type="ACTION" value="5d2e30c3-1a84-4756-ba98-3b4f52251c6e"/>
<objectids-entry key="Default zone¤Low_Wiki_1¤Wikipedia_1" objectid="152" type="ACTION" value="364aecff-9fb5-41b2-985a-d7274d688db8"/>
<objectids-entry key="Default zone¤Low_Wiki_1¤Wikipedia_1" objectid="153" type="ACTION" value="14b63244-4c22-4b1d-9e88-44c3cb0d2596"/>
<objectids-entry key="Default zone¤Low_Wiki_1¤Wikipedia_1" objectid="154" type="ACTION" value="cba817f0-dbc7-4824-9e92-091f283d91fc"/>
<objectids-entry key="Default zone¤Low_Wiki_1¤Wikipedia_1" objectid="155" type="ACTION" value="0db243dc-f0f9-4554-ba15-51a4237ece61"/>
<objectids-entry key="Default zone¤Low_Wiki_1¤Wikipedia_1" objectid="156" type="ACTION" value="3ecf1143-b43f-477f-9bb3-c0130a07b7c0"/>
<objectids-entry key="Default zone¤Low_Wiki_1¤Wikipedia_1" objectid="157" type="ACTION" value="5d04d0a3-4955-4091-bced-6708a26f815e"/>
<objectids-entry key="Default zone¤Low_Wiki_1¤Wikipedia_1" objectid="158" type="ACTION" value="7a99cd44-bc5e-4071-97a7-67bbae03deff"/>
<objectids-entry key="Default zone¤Low_Wiki_1¤Wikipedia_1" objectid="159" type="ACTION" value="660f0de7-9e6b-42d4-85cd-8091c1a08e80"/>
<objectids-entry key="Default zone¤Low_Wiki_1¤Wikipedia_1" objectid="160" type="ACTION" value="c2fdca46-5d64-4b2c-bf50-f7e8b36dac58"/>
<objectids-entry key="Default zone¤Low_Wiki_1¤Wikipedia_1" objectid="161" type="ACTION" value="93237883-4b53-4cca-87f8-ef76b7319851"/>
<objectids-entry key="Default zone¤Low_Wiki_1¤Wikipedia_1" objectid="162" type="ACTION" value="f76887cb-d3a5-45ce-a840-2d647750af33"/>
<objectids-entry key="Default zone¤Low_Wiki_1¤Wikipedia_1" objectid="163" type="ACTION" value="954e820e-5632-43a5-b27c-f1beb5c32daa"/>
<objectids-entry key="Default zone¤Low_Wiki_1¤Wikipedia_1" objectid="164" type="ACTION" value="e202717c-ed27-4c37-b9d6-6916298c25a3"/>
<objectids-entry key="Default zone¤Low_Wiki_1¤Wikipedia_1" objectid="165" type="ACTION" value="c2c4349d-6b5a-46aa-896e-a9808689899c"/>
<objectids-entry key="Default zone¤Low_Wiki_1¤Wikipedia_1" objectid="166" type="ACTION" value="5da26fb0-d5c4-4268-9350-7b838b7a2cce"/>
<objectids-entry key="Default zone¤Low_Wiki_1¤Wikipedia_1" objectid="167" type="ACTION" value="50c71927-590d-4c24-8352-826ae1da8397"/>
<objectids-entry key="Default zone¤Low_Wiki_1¤Wikipedia_1" objectid="168" type="ACTION" value="6ad875a2-7db3-4278-b552-7a27ae91dfe4"/>
<objectids-entry key="Default zone¤Low_Wiki_1¤Wikipedia_1" objectid="169" type="ACTION" value="fa3cece0-8ba0-4c24-addf-51cadbd75154"/>
<objectids-entry key="Default zone¤Low_Wiki_1¤Wikipedia_1" objectid="170" type="ACTION" value="05e6dd74-10ef-4bd8-9721-dd15950f8789"/>
<objectids-entry key="Default zone¤Low_Wiki_1¤Wikipedia_1" objectid="171" type="ACTION" value="34a44dbe-6d8c-4933-a357-9b7345dc5d51"/>
<objectids-entry key="Default zone¤Low_Wiki_1¤Wikipedia_1" objectid="172" type="ACTION" value="1abece95-1ddd-4fb6-be94-740a7a3341ad"/>
<objectids-entry key="Default zone¤Low_Wiki_1¤Wikipedia_1" objectid="173" type="ACTION" value="f7c7cf4e-7227-40d3-90e5-77fe55cb80aa"/>
<objectids-entry key="Default zone¤Low_Wiki_1¤Wikipedia_1" objectid="174" type="ACTION" value="27f459b2-b8b8-4308-abeb-0d4ad040f0c3"/>
<objectids-entry key="Default zone¤Low_Wiki_1¤Wikipedia_1" objectid="175" type="ACTION" value="6582fa7e-fcc6-4dd5-92e2-ba5b8bbb9327"/>
<objectids-entry key="Default zone¤Low_Wiki_1¤Wikipedia_1" objectid="176" type="ACTION" value="1a890a64-3ad3-482c-a2c6-2039c3461527"/>
<objectids-entry key="Default zone¤Low_Wiki_1¤Wikipedia_1" objectid="177" type="ACTION" value="492f695c-78f4-4b40-b236-420c65843560"/>
<objectids-entry key="Default zone¤Low_Wiki_1¤Wikipedia_1" objectid="178" type="ACTION" value="d85976dc-0f63-4446-8c86-cb1a7d7a4b5b"/>
<objectids-entry key="Default zone¤Low_Wiki_1¤Wikipedia_1" objectid="179" type="ACTION" value="b6cfb1ff-164a-473c-8717-439ef272b0ba"/>
<objectids-entry key="Default zone¤Low_Wiki_1¤Wikipedia_1" objectid="180" type="ACTION" value="6c51e4e7-bb0a-4945-b76e-374579374601"/>
<objectids-entry key="Default zone¤Low_Wiki_1¤Wikipedia_1" objectid="181" type="ACTION" value="ff2c9b45-4a45-4e4c-842d-33a2a91b482c"/>
<objectids-entry key="Default zone¤Low_Wiki_1¤Wikipedia_1" objectid="182" type="ACTION" value="8fabb570-2df9-4383-8864-3cfb06e11db8"/>
<objectids-entry key="Default zone¤Low_Wiki_1¤Wikipedia_1" objectid="183" type="ACTION" value="e90fa8de-bc70-4144-8f7a-44a3b66b5ff8"/>
<objectids-entry key="Default zone¤Low_Wiki_1¤Wikipedia_1" objectid="184" type="ACTION" value="70c501fa-cb51-48f7-8ac1-9d5206672e72"/>
<objectids-entry key="Default zone¤Low_Wiki_1¤Wikipedia_1" objectid="185" type="ACTION" value="18d5b2d0-6022-4f0f-a62f-198b21adde9c"/>
<objectids-entry key="Default zone¤Low_Wiki_1¤Wikipedia_1" objectid="186" type="ACTION" value="b6549b5d-fff6-477c-9ac8-65886e69e093"/>
<objectids-entry key="Default zone¤Low_Wiki_1¤Wikipedia_1" objectid="187" type="ACTION" value="42f04955-8370-4543-953f-b5467187de91"/>
<objectids-entry key="Default zone¤Low_Wiki_1¤Wikipedia_1" objectid="188" type="ACTION" value="e773f94a-9455-4c10-90f2-454d0861aefc"/>
<objectids-entry key="Default zone¤Low_Wiki_1¤Wikipedia_1" objectid="189" type="ACTION" value="56826243-b014-48c8-ac3c-c50efe8af457"/>
<objectids-entry key="Default zone¤Low_Wiki_1¤Wikipedia_1" objectid="190" type="ACTION" value="d4f8e29c-490f-4ef0-b1ef-44e3fcaf6892"/>
<objectids-entry key="Default zone¤Low_Wiki_1¤Wikipedia_1" objectid="191" type="ACTION" value="5ba7591f-7deb-4287-94dc-60b0e7bd452f"/>
<objectids-entry key="Default zone¤Low_Wiki_1¤Wikipedia_1" objectid="192" type="ACTION" value="bf9157e3-9555-40e1-b70d-b224855665b3"/>
<objectids-entry key="Default zone¤Low_Wiki_1¤Wikipedia_1" objectid="193" type="ACTION" value="b341c385-9fe8-4554-9c36-20f94e039327"/>
<objectids-entry key="Default zone¤Low_Wiki_1¤Wikipedia_1" objectid="194" type="ACTION" value="ef9de8c4-f577-4cd5-80d9-614b0b3da31b"/>
<objectids-entry key="Default zone¤Low_Wiki_1¤Wikipedia_1" objectid="195" type="ACTION" value="bc39c63c-35cf-4ebb-961b-57a39edb28bf"/>
<objectids-entry key="Default zone¤Low_Wiki_1¤Wikipedia_1" objectid="196" type="ACTION" value="9b2dca08-bd96-4a52-85c5-e62fa8ba6e89"/>
<objectids-entry key="Default zone¤Low_Wiki_1¤Wikipedia_1" objectid="197" type="ACTION" value="6f8952e2-bd02-4ff1-ad64-79e3417025dd"/>
<objectids-entry key="Default zone¤Low_Wiki_1¤Wikipedia_1" objectid="198" type="ACTION" value="eca7eb0b-59c4-4b4a-82c7-f05aa06bda2b"/>
<objectids-entry key="Default zone¤Low_Wiki_1¤Wikipedia_1" objectid="199" type="ACTION" value="97285968-6c40-4c37-aa5b-fe7cef42d1b8"/>
<objectids-entry key="Default zone¤Low_Wiki_1¤Wikipedia_1" objectid="200" type="ACTION" value="79dba625-4e66-4376-9cd4-1c66e73751f8"/>
<objectids-entry key="Default zone¤Low_Wiki_1¤Wikipedia_1" objectid="201" type="ACTION" value="716a96c6-aa4c-4202-9589-e642022f36e5"/>
<objectids-entry key="Default zone¤Low_Wiki_1¤Wikipedia_1" objectid="202" type="ACTION" value="16e7ecce-d22d-4de6-a254-ef5d9ebb3745"/>
<objectids-entry key="Default zone¤Low_Wiki_1¤Wikipedia_1" objectid="203" type="ACTION" value="80796bf4-b775-4f09-98d8-16c4230a3812"/>
<objectids-entry key="Default zone¤Low_Wiki_1¤Wikipedia_1" objectid="204" type="ACTION" value="21b8c1ad-46fe-469b-a776-9c1a8742b053"/>
<objectids-entry key="Default zone¤Low_Wiki_1¤Wikipedia_1" objectid="205" type="ACTION" value="91a20485-fab9-4c5a-9c5b-72bb10108e20"/>
<objectids-entry key="Default zone¤Low_Wiki_1¤Wikipedia_1" objectid="206" type="ACTION" value="3eaa4aae-ca3f-4315-901f-871160bc18b4"/>
<objectids-entry key="Default zone¤Low_Wiki_1¤Wikipedia_1" objectid="207" type="ACTION" value="33bf2fb2-580a-4e05-9f89-74e0c09a6cc1"/>
<objectids-entry key="Default zone¤Low_Wiki_1¤Wikipedia_1" objectid="208" type="ACTION" value="8161f075-a6dd-4222-bee1-fdaffb3151ce"/>
<objectids-entry key="Default zone¤Low_Wiki_1¤Wikipedia_1" objectid="209" type="ACTION" value="ce91bd5c-0631-4b62-b47b-bc5dfe95a179"/>
<objectids-entry key="Default zone¤Low_Wiki_1¤Wikipedia_1" objectid="210" type="ACTION" value="bad3a8a1-fd26-414b-b91a-4c5161107da9"/>
<objectids-entry key="Default zone¤Low_Wiki_1¤Wikipedia_1" objectid="211" type="ACTION" value="1a1b73dd-c946-4bcd-a954-8b1b3defb212"/>
<objectids-entry key="Default zone¤Low_Wiki_1¤Wikipedia_1" objectid="212" type="ACTION" value="9ac7d05e-fe7b-45d4-aa30-23cfbbd1ed08"/>
<objectids-entry key="Default zone¤Low_Wiki_1¤Wikipedia_1" objectid="213" type="ACTION" value="7e09f863-6a22-4c8f-a3f5-58352bede9ac"/>
<objectids-entry key="Default zone¤Low_Wiki_1¤Wikipedia_1" objectid="214" type="ACTION" value="d786047b-6ff6-4731-bf56-a938ffecbeac"/>
<objectids-entry key="Default zone¤Low_Wiki_1¤Wikipedia_1" objectid="215" type="ACTION" value="e3782e84-7dae-488e-be5d-11d706970af8"/>
<objectids-entry key="Default zone¤Low_Wiki_1¤Wikipedia_1" objectid="216" type="ACTION" value="2d542311-b023-48c8-9803-79e0ea56efb8"/>
<objectids-entry key="Default zone¤Low_Wiki_1¤Wikipedia_1" objectid="217" type="ACTION" value="87e24892-26be-4dd4-9c7b-14627f21ded5"/>
<objectids-entry key="Default zone¤Low_Wiki_1¤Wikipedia_1" objectid="218" type="ACTION" value="fa7ab233-e5eb-4804-847a-f281d5eca20f"/>
<objectids-entry key="Default zone¤Low_Wiki_1¤Wikipedia_1" objectid="219" type="ACTION" value="ea9e90d1-1427-4db6-ae7c-a02a5ab1b62c"/>
<objectids-entry key="Default zone¤Low_Wiki_1¤Wikipedia_1" objectid="220" type="ACTION" value="0778052d-2e28-4197-a134-0f58d66728ef"/>
<objectids-entry key="Default zone¤Low_Wiki_1¤Wikipedia_1" objectid="221" type="ACTION" value="8e8665f1-a31e-4268-aa41-875396a64d4b"/>
<objectids-entry key="Default zone¤Low_Wiki_1¤Wikipedia_1" objectid="222" type="ACTION" value="c03dfa03-5c57-4607-a411-dd52e734bb2d"/>
<objectids-entry key="Default zone¤Low_Wiki_1¤Wikipedia_1" objectid="223" type="ACTION" value="8284759e-3712-4aab-8e58-ca724d424f1b"/>
<objectids-entry key="Default zone¤Low_Wiki_1¤Wikipedia_1" objectid="224" type="ACTION" value="28f5aa28-0b54-4e29-870d-0b606120598a"/>
<objectids-entry key="Default zone¤Low_Wiki_1¤Wikipedia_1" objectid="225" type="ACTION" value="ea6b4024-0dcf-4675-af2a-3920459cf2e0"/>
<objectids-entry key="Default zone¤Low_Wiki_1¤Wikipedia_1" objectid="226" type="ACTION" value="07a1087a-ac42-49f5-b5ae-c5218708ddab"/>
<objectids-entry key="Default zone¤Low_Wiki_1¤Wikipedia_1" objectid="227" type="ACTION" value="154b7dfc-fb63-41d2-8f8b-1953bf6d7a44"/>
<objectids-entry key="Default zone¤Low_Wiki_1¤Wikipedia_1" objectid="228" type="ACTION" value="7775380d-ed29-4e0a-84c9-f118675db7ad"/>
<objectids-entry key="Default zone¤Low_Wiki_1¤Wikipedia_1" objectid="229" type="ACTION" value="a0831454-63c9-45a3-a103-1620c6601964"/>
<objectids-entry key="Default zone¤Low_Wiki_1¤Wikipedia_1" objectid="230" type="ACTION" value="ab4ffef1-7d72-4cfb-990b-27a91e94334f"/>
<objectids-entry key="Default zone¤Low_Wiki_1¤Wikipedia_1" objectid="231" type="ACTION" value="f113eab4-888b-4d76-979d-c2bda8114e44"/>
<objectids-entry key="Default zone¤Low_Wiki_1¤Wikipedia_1" objectid="232" type="ACTION" value="9afb2c45-2e13-4f5d-9980-1b23b11c79ed"/>
<objectids-entry key="Default zone¤Low_Wiki_1¤Wikipedia_1" objectid="233" type="ACTION" value="4a343d9b-d8f0-4ba3-aae8-48a4dc62b800"/>
<objectids-entry key="Default zone¤Low_Wiki_1¤Wikipedia_1" objectid="234" type="ACTION" value="25b05497-4b0c-4173-a5a1-6697630ca02a"/>
<objectids-entry key="Default zone¤Low_Wiki_1¤Wikipedia_1" objectid="235" type="ACTION" value="b1c4c1ca-337a-4e6b-a5ae-3683c0d71237"/>
<objectids-entry key="Default zone¤Low_Wiki_1¤Wikipedia_1" objectid="236" type="ACTION" value="a42f57b9-681c-430b-82e2-89856eeed65e"/>
<objectids-entry key="Default zone¤Low_Wiki_1¤Wikipedia_1" objectid="237" type="ACTION" value="3b3ff4ac-29fb-4e11-ae76-2bddbd5bf6ee"/>
<objectids-entry key="Default zone¤Low_Wiki_1¤Wikipedia_1" objectid="238" type="ACTION" value="fcad536d-571c-4eba-9021-44b46a6f81a1"/>
<objectids-entry key="Default zone¤Low_Wiki_1¤Wikipedia_1" objectid="239" type="ACTION" value="be06cfee-c683-4d16-9680-6123d9b86cfb"/>
<objectids-entry key="Default zone¤Low_Wiki_1¤Wikipedia_1" objectid="240" type="ACTION" value="7f8a60ec-c9ae-4ea5-b0ea-8f544d696edd"/>
<objectids-entry key="Default zone¤Low_Wiki_1¤Wikipedia_1" objectid="241" type="ACTION" value="0e95519c-520c-41a1-b129-95bcba5af0ed"/>
<objectids-entry key="Default zone¤Low_Wiki_1¤Wikipedia_1" objectid="242" type="ACTION" value="07e9f5c0-30d4-4d69-865b-1adccb52c34b"/>
<objectids-entry key="Default zone¤Low_Wiki_1¤Wikipedia_1" objectid="243" type="ACTION" value="491e1b55-32eb-47e5-bda8-030942ec68d5"/>
<objectids-entry key="Default zone¤Low_Wiki_1¤Wikipedia_1" objectid="244" type="ACTION" value="6df7fcf5-47d4-4fbd-8b06-2cb69fc1600b"/>
<objectids-entry key="Default zone¤Low_Wiki_1¤Wikipedia_1" objectid="245" type="ACTION" value="7f3fd844-284d-4c29-a634-303612c5c3ac"/>
<objectids-entry key="Default zone¤Low_Wiki_1¤Wikipedia_1" objectid="246" type="ACTION" value="97fdc3c1-a896-414b-8ffb-47136a33e205"/>
<objectids-entry key="Default zone¤Low_Wiki_1¤Wikipedia_1" objectid="247" type="ACTION" value="0eed1340-3b8b-4b40-aebe-660829c81056"/>
<objectids-entry key="Default zone¤Low_Wiki_1¤Wikipedia_1" objectid="248" type="ACTION" value="530437c9-fd3d-43a1-8749-3d4e07430d43"/>
<objectids-entry key="Default zone¤Low_Wiki_1¤Wikipedia_1" objectid="249" type="ACTION" value="a9655f47-4162-4975-8194-106d87a89e81"/>
<objectids-entry key="Default zone¤Low_Wiki_1¤Wikipedia_1" objectid="250" type="ACTION" value="843cdc3b-b81d-4064-a709-618da56c898e"/>
<objectids-entry key="Default zone¤Low_Wiki_1¤Wikipedia_1" objectid="251" type="ACTION" value="d1bb1636-f8a8-45c4-ac81-289e9a8b96bd"/>
<objectids-entry key="Default zone¤Low_Wiki_1¤Wikipedia_1" objectid="252" type="ACTION" value="51560925-8de4-46c8-8796-74241be8aa58"/>
<objectids-entry key="Default zone¤Low_Wiki_1¤Wikipedia_1" objectid="253" type="ACTION" value="8711c080-85b2-4016-bbe7-aeb4f98f49bf"/>
<objectids-entry key="Default zone¤Low_Wiki_1¤Wikipedia_1" objectid="254" type="ACTION" value="f89a8769-779c-4ade-b338-4d19ad28667d"/>
<objectids-entry key="Default zone¤Low_Wiki_1¤Wikipedia_1" objectid="255" type="BASIC_LOGICAL_CONTAINER" value="be8fbbd4-aba8-46bb-aa5d-9720fe2085cc"/>
<objectids-entry key="Default zone¤Low_Wiki_1¤Wikipedia_1" objectid="256" type="HTTP_PAGE" value="e8af02c5-0b3a-425f-8be9-652994c40012"/>
<objectids-entry key="Default zone¤Low_Wiki_1¤Wikipedia_1" objectid="257" type="ACTION" value="9dbb24c4-df7f-4f0b-9f59-16532b3e84e6"/>
<objectids-entry key="Default zone¤Low_Wiki_1¤Wikipedia_1" objectid="258" type="HTTP_PAGE" value="c448cf21-2099-4588-b549-52969e0d7ba7"/>
<objectids-entry key="Default zone¤Low_Wiki_1¤Wikipedia_1" objectid="259" type="ACTION" value="b601bec5-4d0d-4aad-b4d4-34f694f7c0f2"/>
<objectids-entry key="Default zone¤Low_Wiki_1¤Wikipedia_1" objectid="260" type="HTTP_PAGE" value="aa84eb38-54d2-494d-b357-11a3530d01cc"/>
<objectids-entry key="Default zone¤Low_Wiki_1¤Wikipedia_1" objectid="261" type="ACTION" value="d930c847-d687-4a11-bbaf-f2b61707b41f"/>
<objectids-entry key="Default zone¤Low_Wiki_1¤Wikipedia_1" objectid="262" type="ACTION" value="baffae57-b827-40b7-98a6-aca0a41073e7"/>
<objectids-entry key="Default zone¤Low_Wiki_1¤Wikipedia_1" objectid="263" type="ACTION" value="d97c378e-cc42-4690-83c1-e11acee25f9b"/>
<objectids-entry key="Default zone¤Low_Wiki_1¤Wikipedia_1" objectid="264" type="BASIC_LOGICAL_CONTAINER" value="6a207054-99fd-4eb7-9d89-9d570abe6b65"/>
<objectids-entry key="Default zone¤Low_Wiki_1¤Wikipedia_1" objectid="265" type="HTTP_PAGE" value="f78a7c79-c8ed-4270-98de-242393a88366"/>
<objectids-entry key="Default zone¤Low_Wiki_1¤Wikipedia_1" objectid="266" type="ACTION" value="f54b6ba0-fb8a-403e-8e47-11a84ab822d3"/>
<objectids-entry key="Default zone¤Low_Wiki_1¤Wikipedia_1" objectid="267" type="ACTION" value="c0d66154-71d1-481c-9afe-7022844a0c9c"/>
<objectids-entry key="Default zone¤Low_Wiki_1¤Wikipedia_1" objectid="268" type="ACTION" value="653f0749-874d-4a57-a480-8399a142cac3"/>
<objectids-entry key="Default zone¤Low_Wiki_1¤Wikipedia_1" objectid="269" type="HTTP_PAGE" value="87951739-7555-47bc-a407-b6d912678d84"/>
<objectids-entry key="Default zone¤Low_Wiki_1¤Wikipedia_1" objectid="270" type="ACTION" value="c6597a4f-e855-4378-a8b2-7015471c0a7a"/>
<objectids-entry key="Default zone¤Low_Wiki_1¤Wikipedia_1" objectid="271" type="HTTP_PAGE" value="2cff41e6-ccd5-4694-96b4-2a5bb942a6c7"/>
<objectids-entry key="Default zone¤Low_Wiki_1¤Wikipedia_1" objectid="272" type="ACTION" value="9154f464-104d-4ed6-9e10-ac79b0800d5a"/>
<objectids-entry key="Default zone¤Low_Wiki_1¤Wikipedia_1" objectid="273" type="ACTION" value="2d33833e-f490-423e-ac70-e84b1bc560a0"/>
<objectids-entry key="Default zone¤Low_Wiki_1¤Wikipedia_1" objectid="274" type="ACTION" value="fea68d16-751d-44df-95dd-9d3f5638763e"/>
<objectids-entry key="Default zone¤Low_Wiki_1¤Wikipedia_1" objectid="275" type="ACTION" value="47bfe55a-acbe-48c0-b025-7ee823feacf7"/>
<objectids-entry key="Default zone¤Low_Wiki_1¤Wikipedia_1" objectid="276" type="ACTION" value="7b303a8f-ecab-401f-8fd3-515b372340e5"/>
<objectids-entry key="Default zone¤Low_Wiki_1¤Wikipedia_1" objectid="277" type="ACTION" value="2faa1eee-7d44-4bbe-a9a5-5abc563d7b5a"/>
<objectids-entry key="Default zone¤Low_Wiki_1¤Wikipedia_1" objectid="278" type="ACTION" value="cf9591ff-3fc0-45b3-b18d-7262edb85348"/>
<objectids-entry key="Default zone¤Low_Wiki_1¤Wikipedia_1" objectid="279" type="ACTION" value="caff19c4-d4e6-454d-a09e-0d3a718cc91c"/>
<objectids-entry key="Default zone¤Low_Wiki_1¤Wikipedia_1" objectid="280" type="ACTION" value="2918d26d-f300-48df-a6f0-9324472d469c"/>
<objectids-entry key="Default zone¤Low_Wiki_1¤Wikipedia_1" objectid="281" type="BASIC_LOGICAL_CONTAINER" value="044fe6f4-9208-41f7-8308-0e73e68ed96f"/>
<objectids-entry key="Default zone¤Low_Wiki_1¤Wikipedia_1" objectid="282" type="HTTP_PAGE" value="5575eeed-7ca6-4d93-af00-bfb117d0ccf2"/>
<objectids-entry key="Default zone¤Low_Wiki_1¤Wikipedia_1" objectid="283" type="ACTION" value="817db93d-d352-404d-81e0-35ba3a9ea47f"/>
<objectids-entry key="Default zone¤Low_Wiki_1¤Wikipedia_1" objectid="284" type="HTTP_PAGE" value="bcf92643-2685-432d-bfda-665c400a3681"/>
<objectids-entry key="Default zone¤Low_Wiki_1¤Wikipedia_1" objectid="285" type="ACTION" value="5d9921ec-bb4a-44f3-be30-be83675d9ccb"/>
<objectids-entry key="Default zone¤Low_Wiki_1¤Wikipedia_1" objectid="286" type="ACTION" value="6dcbfc90-e364-4492-84eb-4ead220328c6"/>
<objectids-entry key="Default zone¤Low_Wiki_1¤Wikipedia_1" objectid="287" type="ACTION" value="78ccda90-e740-491f-b7fe-ba270a159731"/>
<objectids-entry key="Default zone¤Low_Wiki_1¤Wikipedia_1" objectid="288" type="ACTION" value="bfdf6db6-a3c7-4239-b031-bc1ccd23150c"/>
<objectids-entry key="Default zone¤Low_Wiki_1¤Wikipedia_1" objectid="289" type="ACTION" value="83734b89-2965-40ef-ad7b-65b7e3a7f035"/>
<objectids-entry key="Default zone¤Low_Wiki_1¤Wikipedia_1" objectid="290" type="ACTION" value="fb5425eb-ab60-44a9-8eef-9058fb3488eb"/>
<objectids-entry key="Default zone¤Low_Wiki_1¤Wikipedia_1" objectid="291" type="ACTION" value="2aa4040b-0feb-4b1d-a5e3-0598304a62f7"/>
<objectids-entry key="Default zone¤Low_Wiki_1¤Wikipedia_1" objectid="292" type="ACTION" value="42711ae1-1545-4d8c-87db-7d6cc6e71e9d"/>
<objectids-entry key="Default zone¤Low_Wiki_1¤Wikipedia_1" objectid="293" type="ACTION" value="7fc655a0-2df6-49ce-8f7f-e67af50d645c"/>
<objectids-entry key="Default zone¤Low_Wiki_1¤Wikipedia_1" objectid="294" type="ACTION" value="0a72438b-62f4-4848-a7e3-747c32747f1c"/>
<objectids-entry key="Default zone¤Low_Wiki_1¤Wikipedia_1" objectid="295" type="ACTION" value="008dcf58-73d0-4f48-af72-e3497a032264"/>
<objectids-entry key="Default zone¤Low_Wiki_1¤Wikipedia_1" objectid="296" type="ACTION" value="c382a97d-ce27-46b1-8b36-5018a8a113d0"/>
<objectids-entry key="Default zone¤Low_Wiki_1¤Wikipedia_1" objectid="297" type="ACTION" value="bfa2ab3f-501e-4ff5-94b3-bea57ddc29eb"/>
<objectids-entry key="Default zone¤Low_Wiki_1¤Wikipedia_1" objectid="298" type="ACTION" value="20ecc322-6f17-4d7a-8491-4908af9cc0ab"/>
<objectids-entry key="Default zone¤Low_Wiki_1¤Wikipedia_1" objectid="299" type="ACTION" value="ee8254dc-16bf-47f2-8791-6829987c2ec8"/>
<objectids-entry key="Default zone¤Low_Wiki_1¤Wikipedia_1" objectid="300" type="ACTION" value="2e66104d-8989-4dc5-95a8-04af8bf8b509"/>
<objectids-entry key="Default zone¤Low_Wiki_1¤Wikipedia_1" objectid="301" type="ACTION" value="0c475769-72a4-45ea-a223-9643de48feaf"/>
<objectids-entry key="Default zone¤Low_Wiki_1¤Wikipedia_1" objectid="302" type="ACTION" value="f7152d5f-b77f-4e7f-babd-4313f7fe8c46"/>
<objectids-entry key="Default zone¤Low_Wiki_1¤Wikipedia_1" objectid="303" type="ACTION" value="2e7f4caf-2af6-427e-805e-6e85eaba4774"/>
<objectids-entry key="Default zone¤Low_Wiki_1¤Wikipedia_1" objectid="304" type="ACTION" value="81cd61ea-3409-4212-8e03-283df92c7cef"/>
<objectids-entry key="Default zone¤Low_Wiki_1¤Wikipedia_1" objectid="305" type="ACTION" value="24044f85-677f-4169-a7ee-61833dfeac8d"/>
<objectids-entry key="Default zone¤Low_Wiki_1¤Wikipedia_1" objectid="306" type="ACTION" value="860f507d-548e-44d4-9ab1-1a4160c9be05"/>
<objectids-entry key="Default zone¤Low_Wiki_1¤Wikipedia_1" objectid="307" type="ACTION" value="873ab9f3-99e5-410f-a44e-98ac7a331a2e"/>
<objectids-entry key="Default zone¤Low_Wiki_1¤Wikipedia_1" objectid="308" type="ACTION" value="786cc3df-7c86-479c-9ce8-d24cdb7700b0"/>
<objectids-entry key="Default zone¤Low_Wiki_1¤Wikipedia_1" objectid="309" type="ACTION" value="c2f1164b-0fee-4cd6-a4c9-fdaaad02e5c0"/>
<objectids-entry key="Default zone¤Low_Wiki_1¤Wikipedia_1" objectid="310" type="ACTION" value="ee23e463-dec2-4c69-bf89-5154c9678a04"/>
<objectids-entry key="Default zone¤Low_Wiki_1¤Wikipedia_1" objectid="311" type="ACTION" value="10ae7cd3-e868-4e06-861d-818f7d5eda9f"/>
<objectids-entry key="Default zone¤Low_Wiki_1¤Wikipedia_1" objectid="312" type="ACTION" value="4cb52305-b3ee-4bbf-9f72-0ccff665f7a1"/>
<objectids-entry key="Default zone¤Low_Wiki_1¤Wikipedia_1" objectid="313" type="ACTION" value="f17d6837-c474-4f89-87f3-f0ea9e5405da"/>
<objectids-entry key="Default zone¤Low_Wiki_1¤Wikipedia_1" objectid="314" type="ACTION" value="c16c3280-628f-4320-9b6d-34d338530d90"/>
<objectids-entry key="Default zone¤Low_Wiki_1¤Wikipedia_1" objectid="315" type="ACTION" value="96037b44-4c3b-4a26-98fc-9e63f0529eeb"/>
<objectids-entry key="Default zone¤Low_Wiki_1¤Wikipedia_1" objectid="316" type="ACTION" value="02009b81-8b2a-44e3-a95e-7f92fc568880"/>
<objectids-entry key="Default zone¤Low_Wiki_1¤Wikipedia_1" objectid="317" type="ACTION" value="44e72c49-c66f-40e0-ac24-cc4f9eed9498"/>
<objectids-entry key="Default zone¤Low_Wiki_1¤Wikipedia_1" objectid="318" type="ACTION" value="9608a5da-647a-4320-a15c-2e1a251a32d9"/>
<objectids-entry key="Default zone¤Low_Wiki_1¤Wikipedia_1" objectid="319" type="ACTION" value="d5790ea7-66aa-407c-af46-bd3dff983fce"/>
<objectids-entry key="Default zone¤Low_Wiki_1¤Wikipedia_1" objectid="320" type="ACTION" value="6fbee55f-12d7-4d41-99e6-6127fc34941d"/>
<objectids-entry key="Default zone¤Low_Wiki_1¤Wikipedia_1" objectid="321" type="ACTION" value="bc1fc3ac-586b-4dff-81b8-c7acb71e343e"/>
<objectids-entry key="Default zone¤Low_Wiki_1¤Wikipedia_1" objectid="322" type="ACTION" value="86299994-1d94-48b4-bacc-ecc3872c2d9d"/>
<objectids-entry key="Default zone¤Low_Wiki_1¤Wikipedia_1" objectid="323" type="ACTION" value="efa0a342-282d-420d-af4b-b60993f704af"/>
<objectids-entry key="Default zone¤Low_Wiki_1¤Wikipedia_1" objectid="324" type="ACTION" value="c4b25b33-4287-40c3-9e3a-4100141800c3"/>
<objectids-entry key="Default zone¤Low_Wiki_1¤Wikipedia_1" objectid="325" type="ACTION" value="51c88228-d219-4ad2-ab50-8c9c2bae2e44"/>
<objectids-entry key="Default zone¤Low_Wiki_1¤Wikipedia_1" objectid="326" type="ACTION" value="39083e2e-c9b5-4c2e-9b22-5441c38ecb44"/>
<objectids-entry key="Default zone¤Low_Wiki_1¤Wikipedia_1" objectid="327" type="ACTION" value="2da910b5-f3e9-4f5c-9bb0-84945ba5d666"/>
<objectids-entry key="Default zone¤Low_Wiki_1¤Wikipedia_1" objectid="328" type="ACTION" value="9ad4cde7-41fe-4038-908a-f11cac425661"/>
<objectids-entry key="Default zone¤Low_Wiki_1¤Wikipedia_1" objectid="329" type="ACTION" value="70bcaa25-e0cd-4d61-9216-7abd97822034"/>
<objectids-entry key="Default zone¤Low_Wiki_1¤Wikipedia_1" objectid="330" type="ACTION" value="b673208e-9ded-4c37-80a0-95b76d5bddcc"/>
<objectids-entry key="Default zone¤Low_Wiki_1¤Wikipedia_1" objectid="331" type="ACTION" value="2d4264c6-d36f-475c-88f2-8546ac9ccfc2"/>
<objectids-entry key="Default zone¤Low_Wiki_1¤Wikipedia_1" objectid="332" type="ACTION" value="ad10e539-e7a1-4fc0-87cd-8e79e87f23d6"/>
<objectids-entry key="Default zone¤Low_Wiki_1¤Wikipedia_1" objectid="333" type="ACTION" value="58fc43be-fc6e-49ec-9a86-41731bdbf14f"/>
<objectids-entry key="Default zone¤Low_Wiki_1¤Wikipedia_1" objectid="334" type="ACTION" value="73c13ec8-2626-406f-a85e-d3db39fd2aa1"/>
<objectids-entry key="Default zone¤Low_Wiki_1¤Wikipedia_1" objectid="335" type="ACTION" value="cd0015c2-2cba-42bf-81d7-f23d8f7ce2fc"/>
<objectids-entry key="Default zone¤Low_Wiki_1¤Wikipedia_1" objectid="336" type="ACTION" value="52e02cc0-75a2-4a3d-8b80-f69771159ed2"/>
<objectids-entry key="Default zone¤Low_Wiki_1¤Wikipedia_1" objectid="337" type="ACTION" value="45481f91-e5d9-4d4d-8223-59c01a51d539"/>
<objectids-entry key="Default zone¤Low_Wiki_1¤Wikipedia_1" objectid="338" type="ACTION" value="b37db177-b920-4dc1-9854-ed09a6dd595d"/>
<objectids-entry key="Default zone¤Low_Wiki_1¤Wikipedia_1" objectid="339" type="ACTION" value="3656856a-8be8-4810-bf47-62b33dbe3596"/>
<objectids-entry key="Default zone¤Low_Wiki_1¤Wikipedia_1" objectid="340" type="ACTION" value="90bc39f4-da4d-4c09-94f1-ab0784cdd446"/>
<objectids-entry key="Default zone¤Low_Wiki_1¤Wikipedia_1" objectid="341" type="ACTION" value="c74bab47-7dce-4489-aea1-f11408b24f65"/>
<objectids-entry key="Default zone¤Low_Wiki_1¤Wikipedia_1" objectid="342" type="ACTION" value="b042cb05-2f8f-476a-9013-32c70df746d1"/>
<objectids-entry key="Default zone¤Low_Wiki_1¤Wikipedia_1" objectid="343" type="ACTION" value="42be42dc-55ab-4b6c-9ec5-533322fe2a78"/>
<objectids-entry key="Default zone¤Low_Wiki_1¤Wikipedia_1" objectid="344" type="ACTION" value="04dfbcac-09b3-4da6-bac8-9cd2d92a5393"/>
<objectids-entry key="Default zone¤Low_Wiki_1¤Wikipedia_1" objectid="345" type="ACTION" value="10f9b9b5-813b-4efd-a101-112722498ac8"/>
<objectids-entry key="Default zone¤Low_Wiki_1¤Wikipedia_1" objectid="346" type="ACTION" value="fbeac95b-8f9d-4844-8a3d-3efef025d70e"/>
<objectids-entry key="Default zone¤Low_Wiki_1¤Wikipedia_1" objectid="347" type="ACTION" value="32c83bec-12c8-4f4e-bce1-2cf54efbaea5"/>
<objectids-entry key="Default zone¤Low_Wiki_1¤Wikipedia_1" objectid="348" type="ACTION" value="33295c6b-d5b7-4f77-a35d-deed157e0ff3"/>
<objectids-entry key="Default zone¤Low_Wiki_1¤Wikipedia_1" objectid="349" type="ACTION" value="91140f02-abd8-4c77-9af7-11b16a5071e1"/>
<objectids-entry key="Default zone¤Low_Wiki_1¤Wikipedia_1" objectid="350" type="ACTION" value="af384ce2-335a-48f5-b046-a582ebec8ac7"/>
<objectids-entry key="Default zone¤Low_Wiki_1¤Wikipedia_1" objectid="351" type="ACTION" value="dfc4266a-91d7-40c9-852e-96d11cb2b39e"/>
<objectids-entry key="Default zone¤Low_Wiki_1¤Wikipedia_1" objectid="352" type="ACTION" value="81d2d839-2d14-4422-8546-12e14ab31306"/>
<objectids-entry key="Default zone¤Low_Wiki_1¤Wikipedia_1" objectid="353" type="ACTION" value="f2303646-2ba6-456e-aed7-d2dd802344d4"/>
<objectids-entry key="Default zone¤Low_Wiki_1¤Wikipedia_1" objectid="354" type="ACTION" value="5bc3d833-e3d5-47d3-87d9-76fb3c8fbed5"/>
<objectids-entry key="Default zone¤Low_Wiki_1¤Wikipedia_1" objectid="355" type="ACTION" value="86d606ea-6a7e-4863-9134-a06e241d3c41"/>
<objectids-entry key="Default zone¤Low_Wiki_1¤Wikipedia_1" objectid="356" type="ACTION" value="506ada65-f914-4ed5-ba59-233693941abb"/>
<objectids-entry key="Default zone¤Low_Wiki_1¤Wikipedia_1" objectid="357" type="ACTION" value="171050e2-9415-4dab-96d3-f7fbd314533a"/>
<objectids-entry key="Default zone¤Low_Wiki_1¤Wikipedia_1" objectid="358" type="ACTION" value="32087f98-f1ed-4e40-827e-c528dc9a319d"/>
<objectids-entry key="Default zone¤Low_Wiki_1¤Wikipedia_1" objectid="359" type="ACTION" value="e15196c8-760e-4f93-8d72-f1e63fec2b71"/>
<objectids-entry key="Default zone¤Low_Wiki_1¤Wikipedia_1" objectid="360" type="ACTION" value="c1f748fc-e3af-4d3a-92dc-5d044c695f00"/>
<objectids-entry key="Default zone¤Low_Wiki_1¤Wikipedia_1" objectid="361" type="ACTION" value="34e8bc22-dbef-4f1b-b144-c01dbeaeb678"/>
<objectids-entry key="Default zone¤Low_Wiki_1¤Wikipedia_1" objectid="362" type="ACTION" value="8ecf04c1-9d6f-48ef-b2c0-da5d0559d630"/>
<objectids-entry key="Default zone¤Low_Wiki_1¤Wikipedia_1" objectid="363" type="ACTION" value="efd91a5f-e7ce-4d85-acd5-26128f32a257"/>
<objectids-entry key="Default zone¤Low_Wiki_1¤Wikipedia_1" objectid="364" type="ACTION" value="0b0a01dc-b935-486a-b6ab-bb015605b1ef"/>
<objectids-entry key="Default zone¤Low_Wiki_1¤Wikipedia_1" objectid="365" type="ACTION" value="5ef5af53-17f9-499e-8fd1-427422c38ed6"/>
<objectids-entry key="Default zone¤Low_Wiki_1¤Wikipedia_1" objectid="366" type="ACTION" value="b01a3a3b-299a-4ed8-baec-b0f3a5751599"/>
<objectids-entry key="Default zone¤Low_Wiki_1¤Wikipedia_1" objectid="367" type="ACTION" value="0b9bfc2a-e853-4de5-b52a-30d3b4824e51"/>
<objectids-entry key="Default zone¤Low_Wiki_1¤Wikipedia_1" objectid="368" type="ACTION" value="7dbe54d5-2f18-46a8-81e8-f054bb7b291d"/>
<objectids-entry key="Default zone¤Low_Wiki_1¤Wikipedia_1" objectid="369" type="ACTION" value="54b0681f-6830-47c2-9c9f-90fcb4ed5f96"/>
<objectids-entry key="Default zone¤Low_Wiki_1¤Wikipedia_1" objectid="370" type="ACTION" value="eafa2c9d-7ebf-4997-9abb-b93304f0c50f"/>
<objectids-entry key="Default zone¤Low_Wiki_1¤Wikipedia_1" objectid="371" type="ACTION" value="9f851679-5295-44bb-a61d-ab5b269972bd"/>
<objectids-entry key="Default zone¤Low_Wiki_1¤Wikipedia_1" objectid="372" type="ACTION" value="3e6df59a-41fd-4656-a07b-05f82334400d"/>
<objectids-entry key="Default zone¤Low_Wiki_1¤Wikipedia_1" objectid="373" type="ACTION" value="d8ffb95a-0fc4-4962-b306-6f79c2b35988"/>
<objectids-entry key="Default zone¤Low_Wiki_1¤Wikipedia_1" objectid="374" type="ACTION" value="03884cf4-adf8-4e20-bf21-8b6d7a5ef2d4"/>
<objectids-entry key="Default zone¤Low_Wiki_1¤Wikipedia_1" objectid="375" type="ACTION" value="30f86760-226e-4395-b69d-9f9dd71e70be"/>
<objectids-entry key="Default zone¤Low_Wiki_1¤Wikipedia_1" objectid="376" type="ACTION" value="8abfa928-1e61-488f-843d-f55ea72a39c0"/>
<objectids-entry key="Default zone¤Low_Wiki_1¤Wikipedia_1" objectid="377" type="ACTION" value="5c24dc63-25aa-44a6-b96b-eb59136b220d"/>
<objectids-entry key="Default zone¤Low_Wiki_1¤Wikipedia_1" objectid="378" type="ACTION" value="ab6fc1ca-3078-4834-9eaf-ea183fe46f8a"/>
<objectids-entry key="Default zone¤Low_Wiki_1¤Wikipedia_1" objectid="379" type="ACTION" value="bb78bf61-2bab-4953-b634-8335856a9175"/>
<objectids-entry key="Default zone¤Low_Wiki_1¤Wikipedia_1" objectid="380" type="ACTION" value="7b06c941-f363-4d0e-bf0d-4002454248d4"/>
<objectids-entry key="Default zone¤Low_Wiki_1¤Wikipedia_1" objectid="381" type="ACTION" value="1e033306-6397-47b1-8a48-d86703034afb"/>
<objectids-entry key="Default zone¤Low_Wiki_1¤Wikipedia_1" objectid="382" type="ACTION" value="0ebb7f57-7bb1-46cf-b9a8-1bb3629772db"/>
<objectids-entry key="Default zone¤Low_Wiki_1¤Wikipedia_1" objectid="383" type="ACTION" value="a5bc628f-f718-406b-b458-ee039aa73927"/>
<objectids-entry key="Default zone¤Low_Wiki_1¤Wikipedia_1" objectid="384" type="ACTION" value="780e05fc-3463-4557-9478-1c17c0579daf"/>
<objectids-entry key="Default zone¤Low_Wiki_1¤Wikipedia_1" objectid="385" type="ACTION" value="622c98c1-2d85-4b38-97cb-54bafb6e741a"/>
<objectids-entry key="Default zone¤Low_Wiki_1¤Wikipedia_1" objectid="386" type="ACTION" value="36f7765c-4a25-4744-9de7-7abd19abb9af"/>
<objectids-entry key="Default zone¤Low_Wiki_1¤Wikipedia_1" objectid="387" type="ACTION" value="73b5d31e-fb64-47aa-90bb-6d58e521bfa1"/>
<objectids-entry key="Default zone¤Low_Wiki_1¤Wikipedia_1" objectid="388" type="ACTION" value="d742d8e3-840e-4dee-95c5-9fc5908728b5"/>
<objectids-entry key="Default zone¤Low_Wiki_1¤Wikipedia_1" objectid="389" type="ACTION" value="f7b82e3e-b60f-4991-82b2-7e00538da13a"/>
<objectids-entry key="Default zone¤Low_Wiki_1¤Wikipedia_1" objectid="390" type="ACTION" value="bd84d6a7-a95d-4a28-9249-eb03ee70d9a3"/>
<objectids-entry key="Default zone¤Low_Wiki_1¤Wikipedia_1" objectid="391" type="ACTION" value="827c5452-8f3a-4034-b552-6eb8838862af"/>
<objectids-entry key="Default zone¤Low_Wiki_1¤Wikipedia_1" objectid="392" type="ACTION" value="22ea380d-4cf5-4b48-89cb-49385532f99b"/>
<objectids-entry key="Default zone¤Low_Wiki_1¤Wikipedia_1" objectid="393" type="ACTION" value="b483deba-5fc1-4f26-bfbe-f1900069a5e3"/>
<objectids-entry key="Default zone¤Low_Wiki_1¤Wikipedia_1" objectid="394" type="ACTION" value="9359bb6b-5cd5-4e54-a143-5e6ee2f132dd"/>
<objectids-entry key="Default zone¤Low_Wiki_1¤Wikipedia_1" objectid="395" type="ACTION" value="74948b37-d19d-4617-8663-362acfea5753"/>
<objectids-entry key="Default zone¤Low_Wiki_1¤Wikipedia_1" objectid="396" type="ACTION" value="4ba20118-e1db-459a-af7d-024a18679a7d"/>
<objectids-entry key="Default zone¤Low_Wiki_1¤Wikipedia_1" objectid="397" type="ACTION" value="ff40461d-7a04-471b-a239-3a6d5f5587c1"/>
<objectids-entry key="Default zone¤Low_Wiki_1¤Wikipedia_1" objectid="398" type="ACTION" value="c45ad2cd-58c7-45f3-bc84-d85fba2369ad"/>
<objectids-entry key="Default zone¤Low_Wiki_1¤Wikipedia_1" objectid="399" type="ACTION" value="02ffb7f8-d245-4b2d-82b2-9c444444c437"/>
<objectids-entry key="Default zone¤Low_Wiki_1¤Wikipedia_1" objectid="400" type="ACTION" value="67080069-0817-410b-93db-2325c6a9d78a"/>
<objectids-entry key="Default zone¤Low_Wiki_1¤Wikipedia_1" objectid="401" type="ACTION" value="8bde1127-b4d9-47b1-82c5-591551b1220b"/>
<objectids-entry key="Default zone¤Low_Wiki_1¤Wikipedia_1" objectid="402" type="ACTION" value="35c5b6a7-5d24-4f79-b2f5-e00ab394140d"/>
<objectids-entry key="Default zone¤Low_Wiki_1¤Wikipedia_1" objectid="403" type="ACTION" value="389d133f-4bc0-467a-9f85-3df8e04f7683"/>
<objectids-entry key="Default zone¤Low_Wiki_1¤Wikipedia_1" objectid="404" type="ACTION" value="6fdf07ac-31ea-43e7-826a-579ca1fa06df"/>
<objectids-entry key="Default zone¤Low_Wiki_1¤Wikipedia_1" objectid="405" type="ACTION" value="551eecc2-de66-4790-af06-de8015aea66f"/>
<objectids-entry key="Default zone¤Low_Wiki_1¤Wikipedia_1" objectid="406" type="ACTION" value="6fd6698e-45af-44f1-8501-7549da97be88"/>
<objectids-entry key="Default zone¤Low_Wiki_1¤Wikipedia_1" objectid="407" type="ACTION" value="e3288d5d-de33-4646-a66a-20a332287ab3"/>
<objectids-entry key="Default zone¤Low_Wiki_1¤Wikipedia_1" objectid="408" type="HTTP_PAGE" value="c4d6bf42-248e-4dcc-baf5-d3c0a58116ad"/>
<objectids-entry key="Default zone¤Low_Wiki_1¤Wikipedia_1" objectid="409" type="ACTION" value="20dfc283-15d6-4ef0-8dd5-958fe9bf2584"/>
<objectids-entry key="Default zone¤Low_Wiki_1¤Wikipedia_1" objectid="410" type="BASIC_LOGICAL_CONTAINER" value="$parent=Wikipedia_1;$index=2"/>
<objectids-entry key="¤¤" objectid="411" type="MONITORED_HOST" value="NeoLoad"/>
<objectids-entry key="¤¤" objectid="412" type="MONITORCONNECTION" value="NeoLoad$NeoLoad"/>
<objectids-entry key="¤¤" objectid="413" type="MONITOR" value="NeoLoad$NeoLoad$UserLoad"/>
<objectids-entry key="¤¤" objectid="414" type="MONITOR" value="NeoLoad$NeoLoad$throughput"/>
<objectids-entry key="¤¤" objectid="415" type="MONITOR" value="NeoLoad$NeoLoad$Alerts"/>
<objectids-entry key="¤¤" objectid="416" type="MONITOR" value="NeoLoad$NeoLoad$CriticalAlerts"/>
<objectids-entry key="¤¤" objectid="417" type="MONITOR" value="NeoLoad$NeoLoad$WarningAlerts"/>
<objectids-entry key="¤¤" objectid="418" type="MONITOR" value="NeoLoad$NeoLoad$cpu"/>
<objectids-entry key="¤¤" objectid="419" type="THRESHOLD" value="NeoLoad$NeoLoad$10b29339-ae57-4a01-8ba0-743a39fcb697"/>
<objectids-entry key="¤¤" objectid="420" type="MONITOR" value="NeoLoad$NeoLoad$memory"/>
<objectids-entry key="¤¤" objectid="421" type="THRESHOLD" value="NeoLoad$NeoLoad$c1fd4a1a-2c0d-41e6-aea8-7b53383a02b2"/>
<objectids-entry key="¤¤" objectid="422" type="MONITOR" value="NeoLoad$NeoLoad$threadcount"/>
<objectids-entry key="¤¤" objectid="423" type="MONITOR" value="NeoLoad$NeoLoad$connectedlg"/>
<objectids-entry key="¤¤" objectid="424" type="MONITOR" value="NeoLoad$NeoLoad$totallgdisconnections"/>
<objectids-entry key="¤¤" objectid="425" type="THRESHOLD" value="NeoLoad$NeoLoad$f1cc0c0c-91ad-466b-ae18-7a54579e7408"/>
<objectids-entry key="¤¤" objectid="426" type="MONITOR" value="NeoLoad$NeoLoad$totallgreconnections"/>
<objectids-entry key="¤¤" objectid="427" type="MONITOR" value="NeoLoad$NeoLoad$otcp.NeoLoad"/>
<objectids-entry key="¤¤" objectid="428" type="MONITOR" value="NeoLoad$NeoLoad$tcp.NeoLoad"/>
<objectids-entry key="¤¤" objectid="429" type="MONITOR" value="NeoLoad$NeoLoad$nlwebdownload"/>
<objectids-entry key="¤¤" objectid="430" type="MONITOR" value="NeoLoad$NeoLoad$nlwebupload"/>
<objectids-entry key="¤¤" objectid="431" type="MONITOR" value="NeoLoad$NeoLoad$SapUserLoad"/>
<objectids-entry key="¤¤" objectid="432" type="MONITOR" value="NeoLoad$NeoLoad$CitrixUserLoad"/>
<objectids-entry key="¤¤" objectid="433" type="MONITOR" value="NeoLoad$NeoLoad$zoneuserload~Default zone"/>
<objectids-entry key="¤¤" objectid="434" type="MONITOR" value="NeoLoad$NeoLoad$zoneuserloadperpopulation~Default zone~Low_Wiki_1"/>
<objectids-entry key="¤¤" objectid="435" type="MONITOR" value="NeoLoad$NeoLoad$zoneuserloadperpopulation~Default zone~Low_Wiki_1~Wikipedia_1"/>
<objectids-entry key="¤¤" objectid="436" type="MONITORED_HOST" value="LG localhost:7100"/>
<objectids-entry key="¤¤" objectid="437" type="MONITORCONNECTION" value="LG localhost:7100$NeoLoad"/>
<objectids-entry key="¤¤" objectid="438" type="MONITOR" value="LG localhost:7100$NeoLoad$lgcpu.localhost:7100"/>
<objectids-entry key="¤¤" objectid="439" type="THRESHOLD" value="LG localhost:7100$NeoLoad$d55f3990-f7fc-46a9-825d-8e6d5805f06b"/>
<objectids-entry key="¤¤" objectid="440" type="MONITOR" value="LG localhost:7100$NeoLoad$lgmemory.localhost:7100"/>
<objectids-entry key="¤¤" objectid="441" type="THRESHOLD" value="LG localhost:7100$NeoLoad$f32de0b7-7a0a-45b5-b9f7-c5c777ba2896"/>
<objectids-entry key="¤¤" objectid="442" type="MONITOR" value="LG localhost:7100$NeoLoad$lgthroughput.localhost:7100"/>
<objectids-entry key="¤¤" objectid="443" type="MONITOR" value="LG localhost:7100$NeoLoad$lguserloadperpopulation~localhost:7100"/>
<objectids-entry key="¤¤" objectid="444" type="MONITOR" value="LG localhost:7100$NeoLoad$lgthreadcount.localhost:7100"/>
<objectids-entry key="¤¤" objectid="445" type="MONITOR" value="LG localhost:7100$NeoLoad$lg.jetty.httpclient.threadpool.used.localhost:7100"/>
<objectids-entry key="¤¤" objectid="446" type="MONITOR" value="LG localhost:7100$NeoLoad$lg.jetty.httpclient.taskpool.used.localhost:7100"/>
<objectids-entry key="¤¤" objectid="447" type="THRESHOLD" value="LG localhost:7100$NeoLoad$16447989-0fa6-4b25-ad00-433e6c806c4c"/>
<objectids-entry key="¤¤" objectid="448" type="MONITOR" value="LG localhost:7100$NeoLoad$lgdisconnections.localhost:7100"/>
<objectids-entry key="¤¤" objectid="449" type="MONITOR" value="LG localhost:7100$NeoLoad$lgreconnections.localhost:7100"/>
<objectids-entry key="¤¤" objectid="450" type="MONITOR" value="LG localhost:7100$NeoLoad$lgping.localhost:7100"/>
<objectids-entry key="¤¤" objectid="451" type="MONITOR" value="LG localhost:7100$NeoLoad$lgotcp.localhost:7100"/>
<objectids-entry key="¤¤" objectid="452" type="MONITOR" value="LG localhost:7100$NeoLoad$lgtcp.localhost:7100"/>
</objectids-table>
<!--****** DURATION ******-->
<duration value="4335231"/>
<!--****** AGGREGATION PERIOD ******-->
<aggregation-period value="5000"/>
<!--****** EXTENDED STATISTICS ******-->
<truncated-mean centered-interval="true" percentage="90"/>
<percentile percentage="50"/>
</project>
