
	<!DOCTYPE project [
		<!ELEMENT project (objectids-table | current-scenario | duration | aggregation-period | truncated-mean | percentile)* >
	
		<!ELEMENT objectids-table (objectids-entry)* >
		<!ELEMENT objectids-entry (#PCDATA)>
		<!ELEMENT duration (#PCDATA)>
		<!ELEMENT truncated-mean (#PCDATA)>
		<!ELEMENT percentile (#PCDATA)>
		<!ELEMENT aggregation-period (#PCDATA)>
		<!ELEMENT current-scenario (#PCDATA)>
		<!ATTLIST duration
		    value CDATA #REQUIRED>
	    <!ATTLIST aggregation-period
		    value CDATA #REQUIRED>
		<!ATTLIST objectids-entry
		    objectid CDATA #REQUIRED
		    type CDATA #REQUIRED
		    value CDATA #REQUIRED
		    key CDATA #REQUIRED>
		<!ATTLIST truncated-mean
		    centered-interval CDATA #REQUIRED
		    percentage CDATA #REQUIRED>
		 <!ATTLIST percentile
		    percentage CDATA #REQUIRED>
	]>


<!--****** RUNTIME PROJECT ******--><project>
<!--****** CURRENT SCENARIO ******-->
<current-scenario>Youtube_1</current-scenario>
<!--****** OBJECTIDS ******-->
<objectids-table>
<objectids-entry key="" objectid="0" type="LG_HOST" value="localhost:7100"/>
<objectids-entry key="" objectid="1" type="ZONE" value="Default zone"/>
<objectids-entry key="Default zone¤Youtube_1¤" objectid="2" type="POPULATION" value="Youtube_1"/>
<objectids-entry key="Default zone¤Youtube_1¤Youtube_1" objectid="3" type="VIRTUAL_USER" value="Youtube_1"/>
<objectids-entry key="Default zone¤Youtube_1¤Youtube_1" objectid="4" type="BASIC_LOGICAL_CONTAINER" value="$parent=Youtube_1;$index=0"/>
<objectids-entry key="Default zone¤Youtube_1¤Youtube_1" objectid="5" type="BASIC_LOGICAL_CONTAINER" value="$parent=Youtube_1;$index=1"/>
<objectids-entry key="Default zone¤Youtube_1¤Youtube_1" objectid="6" type="BASIC_LOGICAL_CONTAINER" value="f96a79b0-7b6b-49b8-b798-544c74dcc263"/>
<objectids-entry key="Default zone¤Youtube_1¤Youtube_1" objectid="7" type="HTTP_PAGE" value="de8be69d-fa1e-46d5-b6bb-0f0074af2da2"/>
<objectids-entry key="Default zone¤Youtube_1¤Youtube_1" objectid="8" type="ACTION" value="7b96184a-fb98-4482-b9bb-d7ccbb613fd6"/>
<objectids-entry key="Default zone¤Youtube_1¤Youtube_1" objectid="9" type="HTTP_PAGE" value="aaac0ad7-cab4-4404-a772-0fad8ead57bb"/>
<objectids-entry key="Default zone¤Youtube_1¤Youtube_1" objectid="10" type="ACTION" value="98a39295-6b72-4c5a-8cf5-514e4c1691c0"/>
<objectids-entry key="Default zone¤Youtube_1¤Youtube_1" objectid="11" type="ACTION" value="69299317-e6db-408c-9cd8-7b973ab677e6"/>
<objectids-entry key="Default zone¤Youtube_1¤Youtube_1" objectid="12" type="ACTION" value="22c639b0-33dc-412e-92c0-2c0612220b00"/>
<objectids-entry key="Default zone¤Youtube_1¤Youtube_1" objectid="13" type="ACTION" value="57d8db9b-8b7a-42fa-b41c-a4742c0274cb"/>
<objectids-entry key="Default zone¤Youtube_1¤Youtube_1" objectid="14" type="ACTION" value="89f7d823-e223-4906-abda-5cf415edcba1"/>
<objectids-entry key="Default zone¤Youtube_1¤Youtube_1" objectid="15" type="ACTION" value="293779cc-6df9-4322-a707-e617f6bb43fe"/>
<objectids-entry key="Default zone¤Youtube_1¤Youtube_1" objectid="16" type="ACTION" value="db785f44-a4be-44e5-93b6-c079409d3b36"/>
<objectids-entry key="Default zone¤Youtube_1¤Youtube_1" objectid="17" type="ACTION" value="bdea8efc-520f-4e94-8a78-fafa797a3227"/>
<objectids-entry key="Default zone¤Youtube_1¤Youtube_1" objectid="18" type="ACTION" value="dbc1b715-6a74-488a-8912-bd7a9682db62"/>
<objectids-entry key="Default zone¤Youtube_1¤Youtube_1" objectid="19" type="ACTION" value="57f789b3-9430-4b22-814e-d2f47eb46b12"/>
<objectids-entry key="Default zone¤Youtube_1¤Youtube_1" objectid="20" type="ACTION" value="60bc8411-0713-42ac-b404-14d00e0232fb"/>
<objectids-entry key="Default zone¤Youtube_1¤Youtube_1" objectid="21" type="ACTION" value="a5a44327-0a31-4065-8589-576b95330d54"/>
<objectids-entry key="Default zone¤Youtube_1¤Youtube_1" objectid="22" type="ACTION" value="ef2e72e2-d3fd-44cc-bd12-b6d8ed15f67f"/>
<objectids-entry key="Default zone¤Youtube_1¤Youtube_1" objectid="23" type="ACTION" value="9e4e6033-0772-429f-b2b6-77e07529d8ba"/>
<objectids-entry key="Default zone¤Youtube_1¤Youtube_1" objectid="24" type="ACTION" value="67d5fe3f-92b6-4a56-a02c-0be2cd36f682"/>
<objectids-entry key="Default zone¤Youtube_1¤Youtube_1" objectid="25" type="HTTP_PAGE" value="c030f1f6-63bc-4108-ba9b-b01f28122a58"/>
<objectids-entry key="Default zone¤Youtube_1¤Youtube_1" objectid="26" type="ACTION" value="0d022220-b9be-4567-a321-8175a77a4eda"/>
<objectids-entry key="Default zone¤Youtube_1¤Youtube_1" objectid="27" type="HTTP_PAGE" value="132a5465-6995-41ac-a126-68cf073d0c38"/>
<objectids-entry key="Default zone¤Youtube_1¤Youtube_1" objectid="28" type="ACTION" value="6c961bec-c623-4504-a6c5-8eecfafc66e9"/>
<objectids-entry key="Default zone¤Youtube_1¤Youtube_1" objectid="29" type="ACTION" value="4f87cd94-334f-4fd5-8754-c073a71a6307"/>
<objectids-entry key="Default zone¤Youtube_1¤Youtube_1" objectid="30" type="ACTION" value="a67d7905-012d-4bbf-b326-db76e8c8fdcb"/>
<objectids-entry key="Default zone¤Youtube_1¤Youtube_1" objectid="31" type="HTTP_PAGE" value="2c363050-c4e6-44af-880b-05528bb0ae9b"/>
<objectids-entry key="Default zone¤Youtube_1¤Youtube_1" objectid="32" type="ACTION" value="f43a2029-75b4-42ed-95cf-d443e6d64d26"/>
<objectids-entry key="Default zone¤Youtube_1¤Youtube_1" objectid="33" type="ACTION" value="8b26248a-0254-42ad-b36b-1237a8876bb6"/>
<objectids-entry key="Default zone¤Youtube_1¤Youtube_1" objectid="34" type="HTTP_PAGE" value="ff1116ed-ba75-4b46-9169-6765cde785e7"/>
<objectids-entry key="Default zone¤Youtube_1¤Youtube_1" objectid="35" type="ACTION" value="919c6efd-329a-4572-b927-a432a4bccd81"/>
<objectids-entry key="Default zone¤Youtube_1¤Youtube_1" objectid="36" type="ACTION" value="eea52a83-392e-49e4-b64d-a21a632ef07e"/>
<objectids-entry key="Default zone¤Youtube_1¤Youtube_1" objectid="37" type="HTTP_PAGE" value="acffe6b4-6cf2-4b4b-ab58-98efca8c4ee5"/>
<objectids-entry key="Default zone¤Youtube_1¤Youtube_1" objectid="38" type="ACTION" value="567dc5f2-41ef-419f-8ba2-0a43f57a3cb2"/>
<objectids-entry key="Default zone¤Youtube_1¤Youtube_1" objectid="39" type="ACTION" value="a47e0894-447b-4b7c-969f-1ecd20d0543a"/>
<objectids-entry key="Default zone¤Youtube_1¤Youtube_1" objectid="40" type="ACTION" value="6f0a2447-ae0e-4396-88bb-a1da17cd8af1"/>
<objectids-entry key="Default zone¤Youtube_1¤Youtube_1" objectid="41" type="ACTION" value="a80b4f61-f5b1-4c76-93b0-80467e7b434d"/>
<objectids-entry key="Default zone¤Youtube_1¤Youtube_1" objectid="42" type="ACTION" value="0b41ffb5-e20e-4ed5-bc4d-df35f7b757ad"/>
<objectids-entry key="Default zone¤Youtube_1¤Youtube_1" objectid="43" type="ACTION" value="f2512daa-d6e9-47ca-b868-edd5837ff229"/>
<objectids-entry key="Default zone¤Youtube_1¤Youtube_1" objectid="44" type="ACTION" value="85222b62-da49-437b-b7a3-914eba0e86ad"/>
<objectids-entry key="Default zone¤Youtube_1¤Youtube_1" objectid="45" type="ACTION" value="42973afc-e596-44f2-9c2d-b20535029529"/>
<objectids-entry key="Default zone¤Youtube_1¤Youtube_1" objectid="46" type="ACTION" value="b64b2a92-ff86-4d8d-96a8-ac9e284d7d8c"/>
<objectids-entry key="Default zone¤Youtube_1¤Youtube_1" objectid="47" type="ACTION" value="7322c349-1997-47c3-b46e-b6217697b6e1"/>
<objectids-entry key="Default zone¤Youtube_1¤Youtube_1" objectid="48" type="ACTION" value="7e7461da-3112-4ef2-9d00-9950b6438f3d"/>
<objectids-entry key="Default zone¤Youtube_1¤Youtube_1" objectid="49" type="ACTION" value="607d1512-6c74-4429-968b-54a0b09efedb"/>
<objectids-entry key="Default zone¤Youtube_1¤Youtube_1" objectid="50" type="HTTP_PAGE" value="4aa2c7c4-8dad-4b82-a31d-04dc53478839"/>
<objectids-entry key="Default zone¤Youtube_1¤Youtube_1" objectid="51" type="ACTION" value="2c97e7a4-417b-4f65-9ca3-4f94e1477e5d"/>
<objectids-entry key="Default zone¤Youtube_1¤Youtube_1" objectid="52" type="ACTION" value="88364795-8738-47eb-a1ba-fb3bffa70345"/>
<objectids-entry key="Default zone¤Youtube_1¤Youtube_1" objectid="53" type="ACTION" value="d7a3fa27-5c81-4a64-ae1f-956094a56850"/>
<objectids-entry key="Default zone¤Youtube_1¤Youtube_1" objectid="54" type="ACTION" value="9db4074c-0d8f-4d17-9027-a804a9dfb5dc"/>
<objectids-entry key="Default zone¤Youtube_1¤Youtube_1" objectid="55" type="ACTION" value="d93e591d-093f-4d0b-b557-fdeeb9d46680"/>
<objectids-entry key="Default zone¤Youtube_1¤Youtube_1" objectid="56" type="ACTION" value="7e9b5e11-1818-4000-b9f6-dfb26c21849e"/>
<objectids-entry key="Default zone¤Youtube_1¤Youtube_1" objectid="57" type="ACTION" value="eebb1f65-9834-4630-82ff-f2806fb60ba5"/>
<objectids-entry key="Default zone¤Youtube_1¤Youtube_1" objectid="58" type="ACTION" value="82021570-0d72-44a7-bad0-7a8e4f053444"/>
<objectids-entry key="Default zone¤Youtube_1¤Youtube_1" objectid="59" type="ACTION" value="652b40de-39c3-49c0-bef1-2897727ee397"/>
<objectids-entry key="Default zone¤Youtube_1¤Youtube_1" objectid="60" type="ACTION" value="40138806-d6bb-486f-ba6a-f16725d2d3b3"/>
<objectids-entry key="Default zone¤Youtube_1¤Youtube_1" objectid="61" type="ACTION" value="6dc48d8b-de11-44dc-adbd-bd90495bae4c"/>
<objectids-entry key="Default zone¤Youtube_1¤Youtube_1" objectid="62" type="ACTION" value="c9d6568b-8b78-42f5-b76d-9a4d51d4b244"/>
<objectids-entry key="Default zone¤Youtube_1¤Youtube_1" objectid="63" type="ACTION" value="d44cf3b7-90fa-4bc6-aa19-aea2c4829ead"/>
<objectids-entry key="Default zone¤Youtube_1¤Youtube_1" objectid="64" type="ACTION" value="1e0c23a0-db36-4f83-9592-8ccb3d29898e"/>
<objectids-entry key="Default zone¤Youtube_1¤Youtube_1" objectid="65" type="ACTION" value="acac92a2-5a7a-4c80-97c8-d003eec8dee0"/>
<objectids-entry key="Default zone¤Youtube_1¤Youtube_1" objectid="66" type="ACTION" value="55c4e2d0-97b7-4e6c-82ef-c591a45ae254"/>
<objectids-entry key="Default zone¤Youtube_1¤Youtube_1" objectid="67" type="BASIC_LOGICAL_CONTAINER" value="68c82083-e30b-41bd-a78f-e8704f1a9429"/>
<objectids-entry key="Default zone¤Youtube_1¤Youtube_1" objectid="68" type="BASIC_LOGICAL_CONTAINER" value="0abc3a82-16af-4cbb-b863-5bf779d81f23"/>
<objectids-entry key="Default zone¤Youtube_1¤Youtube_1" objectid="69" type="HTTP_PAGE" value="1f2af5d8-5e9e-4966-b937-b32d39315032"/>
<objectids-entry key="Default zone¤Youtube_1¤Youtube_1" objectid="70" type="ACTION" value="93f54ad4-67aa-4e08-8840-85918d29403a"/>
<objectids-entry key="Default zone¤Youtube_1¤Youtube_1" objectid="71" type="ACTION" value="d8601470-81a0-4817-adb6-d231d7d5cf1c"/>
<objectids-entry key="Default zone¤Youtube_1¤Youtube_1" objectid="72" type="ACTION" value="e5238fec-55c2-444c-894e-b97eb5b87290"/>
<objectids-entry key="Default zone¤Youtube_1¤Youtube_1" objectid="73" type="ACTION" value="200a3520-ebd3-4e89-8cc7-717889ed8fbb"/>
<objectids-entry key="Default zone¤Youtube_1¤Youtube_1" objectid="74" type="ACTION" value="be913caa-3a56-4082-a1be-f1ecd46fc447"/>
<objectids-entry key="Default zone¤Youtube_1¤Youtube_1" objectid="75" type="ACTION" value="5d0b5739-cb41-4801-aedc-a668bb8c5dd7"/>
<objectids-entry key="Default zone¤Youtube_1¤Youtube_1" objectid="76" type="ACTION" value="497fd0cb-5279-4a1d-aed7-add5461d67df"/>
<objectids-entry key="Default zone¤Youtube_1¤Youtube_1" objectid="77" type="ACTION" value="44eea0b5-af05-4c18-b36a-0bb42f43c5e7"/>
<objectids-entry key="Default zone¤Youtube_1¤Youtube_1" objectid="78" type="ACTION" value="a914065f-ffd5-43b3-be04-49a4271735a4"/>
<objectids-entry key="Default zone¤Youtube_1¤Youtube_1" objectid="79" type="ACTION" value="921636eb-6108-43b9-b86a-d5b0694b475e"/>
<objectids-entry key="Default zone¤Youtube_1¤Youtube_1" objectid="80" type="HTTP_PAGE" value="77193ce5-3f11-4e9a-9d96-a27208b22441"/>
<objectids-entry key="Default zone¤Youtube_1¤Youtube_1" objectid="81" type="ACTION" value="ab4b53b3-dfce-4f7b-a600-8e9773872faf"/>
<objectids-entry key="Default zone¤Youtube_1¤Youtube_1" objectid="82" type="ACTION" value="8c8a6b2d-c7e4-4811-a9f5-c2732d6e15d8"/>
<objectids-entry key="Default zone¤Youtube_1¤Youtube_1" objectid="83" type="BASIC_LOGICAL_CONTAINER" value="2ca10bc3-f693-4533-836d-3e7c2403cfa5"/>
<objectids-entry key="Default zone¤Youtube_1¤Youtube_1" objectid="84" type="HTTP_PAGE" value="4ee33d64-dbf2-4cad-9474-8ac64691fcb2"/>
<objectids-entry key="Default zone¤Youtube_1¤Youtube_1" objectid="85" type="ACTION" value="39c1c69b-1e74-40c8-bec2-3506e262abf2"/>
<objectids-entry key="Default zone¤Youtube_1¤Youtube_1" objectid="86" type="HTTP_PAGE" value="f30b6ba2-699d-40df-b417-692855d00c6d"/>
<objectids-entry key="Default zone¤Youtube_1¤Youtube_1" objectid="87" type="ACTION" value="7d42711f-9720-49ae-a238-a8a3cad72f9d"/>
<objectids-entry key="Default zone¤Youtube_1¤Youtube_1" objectid="88" type="HTTP_PAGE" value="1164b5f9-b2c5-43c1-a8e7-eeb0fe0cb43d"/>
<objectids-entry key="Default zone¤Youtube_1¤Youtube_1" objectid="89" type="ACTION" value="35fb1dda-ed62-47f6-9d86-7dd65e1fdfce"/>
<objectids-entry key="Default zone¤Youtube_1¤Youtube_1" objectid="90" type="HTTP_PAGE" value="770f2150-6dff-4ab1-a535-47897f449c7c"/>
<objectids-entry key="Default zone¤Youtube_1¤Youtube_1" objectid="91" type="ACTION" value="ebfa3a53-0aea-4bbf-a1c7-67acbce41066"/>
<objectids-entry key="Default zone¤Youtube_1¤Youtube_1" objectid="92" type="ACTION" value="11e5bc18-fd84-4bed-a101-1bc6297517c5"/>
<objectids-entry key="Default zone¤Youtube_1¤Youtube_1" objectid="93" type="HTTP_PAGE" value="43bd5131-a95f-4cb5-8357-a36b8b64e228"/>
<objectids-entry key="Default zone¤Youtube_1¤Youtube_1" objectid="94" type="ACTION" value="ed762ac5-fbc3-438e-8a8b-d9de4adfc4ad"/>
<objectids-entry key="Default zone¤Youtube_1¤Youtube_1" objectid="95" type="HTTP_PAGE" value="596e1ba1-ba79-4d22-b848-fecae7ccc1c8"/>
<objectids-entry key="Default zone¤Youtube_1¤Youtube_1" objectid="96" type="ACTION" value="fb7bb9af-c36a-4c4b-ba8d-13b47946a9f9"/>
<objectids-entry key="Default zone¤Youtube_1¤Youtube_1" objectid="97" type="HTTP_PAGE" value="14cee26b-7ddf-4f08-8a48-ace7bf986672"/>
<objectids-entry key="Default zone¤Youtube_1¤Youtube_1" objectid="98" type="ACTION" value="80de5ed3-b84e-4395-bb40-74e042c0fb3c"/>
<objectids-entry key="Default zone¤Youtube_1¤Youtube_1" objectid="99" type="HTTP_PAGE" value="3d955397-c31e-4d37-ac7b-0e0ddbbd10b3"/>
<objectids-entry key="Default zone¤Youtube_1¤Youtube_1" objectid="100" type="ACTION" value="49bd0e9f-727f-48f1-b3e7-0df0d8710c9a"/>
<objectids-entry key="Default zone¤Youtube_1¤Youtube_1" objectid="101" type="ACTION" value="f1892a74-c7fd-4247-b563-b0018c84471a"/>
<objectids-entry key="Default zone¤Youtube_1¤Youtube_1" objectid="102" type="ACTION" value="6a3f6483-6b13-409f-8439-25e0518ff832"/>
<objectids-entry key="Default zone¤Youtube_1¤Youtube_1" objectid="103" type="ACTION" value="31c640e7-9fee-4275-a812-ccbff1e1aa53"/>
<objectids-entry key="Default zone¤Youtube_1¤Youtube_1" objectid="104" type="ACTION" value="f41a2b4b-090f-47eb-95b3-8f473cb6f371"/>
<objectids-entry key="Default zone¤Youtube_1¤Youtube_1" objectid="105" type="ACTION" value="e5056a1c-5f05-4553-9f83-abaa896cee02"/>
<objectids-entry key="Default zone¤Youtube_1¤Youtube_1" objectid="106" type="ACTION" value="ce14cf96-43be-4825-970f-e8211cf26966"/>
<objectids-entry key="Default zone¤Youtube_1¤Youtube_1" objectid="107" type="ACTION" value="c56974e1-77cc-4f6d-9f93-34c445f05a67"/>
<objectids-entry key="Default zone¤Youtube_1¤Youtube_1" objectid="108" type="ACTION" value="cdd3efb2-a23c-462d-9fd7-e934273f5166"/>
<objectids-entry key="Default zone¤Youtube_1¤Youtube_1" objectid="109" type="ACTION" value="a7491210-9755-4167-ba0e-efb597c20f86"/>
<objectids-entry key="Default zone¤Youtube_1¤Youtube_1" objectid="110" type="HTTP_PAGE" value="48dd1ec8-b442-47c8-b26d-38b9653e409b"/>
<objectids-entry key="Default zone¤Youtube_1¤Youtube_1" objectid="111" type="ACTION" value="ae04c1cf-e83f-4272-b455-ed6abddf34ca"/>
<objectids-entry key="Default zone¤Youtube_1¤Youtube_1" objectid="112" type="HTTP_PAGE" value="19190111-c66b-42eb-9345-ff2fea451c52"/>
<objectids-entry key="Default zone¤Youtube_1¤Youtube_1" objectid="113" type="ACTION" value="4832b25c-8ae6-4761-9454-cdee0938eb38"/>
<objectids-entry key="Default zone¤Youtube_1¤Youtube_1" objectid="114" type="ACTION" value="5bc9aee6-c22c-4d00-b2ec-13aea2b14b67"/>
<objectids-entry key="Default zone¤Youtube_1¤Youtube_1" objectid="115" type="HTTP_PAGE" value="b27b1f87-3582-4c8d-87fc-0414ca98c8dd"/>
<objectids-entry key="Default zone¤Youtube_1¤Youtube_1" objectid="116" type="ACTION" value="1baeecec-8b4d-48c0-bd16-5e82fde93939"/>
<objectids-entry key="Default zone¤Youtube_1¤Youtube_1" objectid="117" type="HTTP_PAGE" value="9fcfab8e-749d-4cec-a6bd-d26e753f0e73"/>
<objectids-entry key="Default zone¤Youtube_1¤Youtube_1" objectid="118" type="ACTION" value="fa5db6bc-4cb9-493e-ba6f-be6b40587614"/>
<objectids-entry key="Default zone¤Youtube_1¤Youtube_1" objectid="119" type="HTTP_PAGE" value="45cbd453-13dd-45f2-a13d-838282cd3a75"/>
<objectids-entry key="Default zone¤Youtube_1¤Youtube_1" objectid="120" type="ACTION" value="aed48dd2-cd84-4adc-9c8c-95944066eabd"/>
<objectids-entry key="Default zone¤Youtube_1¤Youtube_1" objectid="121" type="HTTP_PAGE" value="53c62ff7-3440-4b43-826c-aae3a27ec464"/>
<objectids-entry key="Default zone¤Youtube_1¤Youtube_1" objectid="122" type="ACTION" value="fc74638f-e4cd-424e-b348-89e70529e776"/>
<objectids-entry key="Default zone¤Youtube_1¤Youtube_1" objectid="123" type="HTTP_PAGE" value="7359eefd-8b54-47cc-827f-5dc615e90d4f"/>
<objectids-entry key="Default zone¤Youtube_1¤Youtube_1" objectid="124" type="ACTION" value="5a72e93f-a051-410b-87ef-a1baeb9fb7f4"/>
<objectids-entry key="Default zone¤Youtube_1¤Youtube_1" objectid="125" type="HTTP_PAGE" value="6233ca9e-49d4-4c8d-adc2-68cf2c666249"/>
<objectids-entry key="Default zone¤Youtube_1¤Youtube_1" objectid="126" type="ACTION" value="09d6d15d-6b53-4122-a7cc-4f8a541e66ed"/>
<objectids-entry key="Default zone¤Youtube_1¤Youtube_1" objectid="127" type="HTTP_PAGE" value="d722034f-b13f-4b44-82e6-746fad6d7de7"/>
<objectids-entry key="Default zone¤Youtube_1¤Youtube_1" objectid="128" type="ACTION" value="7b05deb1-03fb-4bd4-9f33-a14b882ae142"/>
<objectids-entry key="Default zone¤Youtube_1¤Youtube_1" objectid="129" type="ACTION" value="b5326bbe-69cb-43ab-b214-f69a1fe68d45"/>
<objectids-entry key="Default zone¤Youtube_1¤Youtube_1" objectid="130" type="ACTION" value="1a2c9f63-ada6-4600-bcde-c55feb66ade8"/>
<objectids-entry key="Default zone¤Youtube_1¤Youtube_1" objectid="131" type="ACTION" value="696b3047-88b8-4d22-834f-b1145d489e9f"/>
<objectids-entry key="Default zone¤Youtube_1¤Youtube_1" objectid="132" type="BASIC_LOGICAL_CONTAINER" value="59a48d2b-6bb6-428f-9d4b-0e59a11e8513"/>
<objectids-entry key="Default zone¤Youtube_1¤Youtube_1" objectid="133" type="HTTP_PAGE" value="2316f5fb-15c7-4139-9f07-24b80d29cc87"/>
<objectids-entry key="Default zone¤Youtube_1¤Youtube_1" objectid="134" type="ACTION" value="59e3d618-2028-4342-8937-43a19c8206d6"/>
<objectids-entry key="Default zone¤Youtube_1¤Youtube_1" objectid="135" type="HTTP_PAGE" value="2dc3148f-5c35-4442-b7ec-56a94a2371e9"/>
<objectids-entry key="Default zone¤Youtube_1¤Youtube_1" objectid="136" type="ACTION" value="8c6b01ff-4303-4b97-886f-4ebbe6df679c"/>
<objectids-entry key="Default zone¤Youtube_1¤Youtube_1" objectid="137" type="HTTP_PAGE" value="04ac8c96-a2f1-42cf-9496-d61d01cb1a11"/>
<objectids-entry key="Default zone¤Youtube_1¤Youtube_1" objectid="138" type="ACTION" value="57a95bad-3292-462a-8e89-ef831d1e39f8"/>
<objectids-entry key="Default zone¤Youtube_1¤Youtube_1" objectid="139" type="ACTION" value="fb8a2333-5504-48da-88d6-1d1696429abb"/>
<objectids-entry key="Default zone¤Youtube_1¤Youtube_1" objectid="140" type="HTTP_PAGE" value="ff12fe4a-70de-4140-a069-adeca115b671"/>
<objectids-entry key="Default zone¤Youtube_1¤Youtube_1" objectid="141" type="ACTION" value="ccc9a123-21d3-46a2-aae8-3091db2ce575"/>
<objectids-entry key="Default zone¤Youtube_1¤Youtube_1" objectid="142" type="HTTP_PAGE" value="492b0f53-f09b-45f6-a3ad-3cdb9cfdfdbb"/>
<objectids-entry key="Default zone¤Youtube_1¤Youtube_1" objectid="143" type="ACTION" value="508c1988-960d-470d-9deb-943a0114eb44"/>
<objectids-entry key="Default zone¤Youtube_1¤Youtube_1" objectid="144" type="HTTP_PAGE" value="cb59d6e9-49d5-4f87-95da-f77c6d673b48"/>
<objectids-entry key="Default zone¤Youtube_1¤Youtube_1" objectid="145" type="ACTION" value="506e8147-7621-4133-88ad-ea373b1f889e"/>
<objectids-entry key="Default zone¤Youtube_1¤Youtube_1" objectid="146" type="ACTION" value="813f7ff8-585d-4ff9-84b1-808b839ab334"/>
<objectids-entry key="Default zone¤Youtube_1¤Youtube_1" objectid="147" type="ACTION" value="740be6bf-3fa5-4aad-b16f-afea9175da0c"/>
<objectids-entry key="Default zone¤Youtube_1¤Youtube_1" objectid="148" type="ACTION" value="3ac7c997-bbb2-4ab4-a728-b84edb3bb1a0"/>
<objectids-entry key="Default zone¤Youtube_1¤Youtube_1" objectid="149" type="ACTION" value="013cffd4-3008-45f6-bd66-189a71a72570"/>
<objectids-entry key="Default zone¤Youtube_1¤Youtube_1" objectid="150" type="BASIC_LOGICAL_CONTAINER" value="ead76012-4673-40c5-8770-fda81b458b39"/>
<objectids-entry key="Default zone¤Youtube_1¤Youtube_1" objectid="151" type="HTTP_PAGE" value="212c016e-013c-41b8-81f3-2e72d16aba6f"/>
<objectids-entry key="Default zone¤Youtube_1¤Youtube_1" objectid="152" type="ACTION" value="4cd38024-17e3-402d-af31-92905949fd1e"/>
<objectids-entry key="Default zone¤Youtube_1¤Youtube_1" objectid="153" type="ACTION" value="220627cb-14f5-49c1-9631-47bf9b805c2a"/>
<objectids-entry key="Default zone¤Youtube_1¤Youtube_1" objectid="154" type="HTTP_PAGE" value="8c4cc1c8-41ec-4fac-8900-e18aaec71f50"/>
<objectids-entry key="Default zone¤Youtube_1¤Youtube_1" objectid="155" type="ACTION" value="ce2592cb-5863-4026-8fab-9fee482cca3a"/>
<objectids-entry key="Default zone¤Youtube_1¤Youtube_1" objectid="156" type="ACTION" value="c0a79b2f-7a21-42c0-aed4-2242665a7427"/>
<objectids-entry key="Default zone¤Youtube_1¤Youtube_1" objectid="157" type="ACTION" value="761d581e-18c6-45c7-8a70-82098b33bf88"/>
<objectids-entry key="Default zone¤Youtube_1¤Youtube_1" objectid="158" type="ACTION" value="927ef80a-65e1-4490-9235-c8b519f8f100"/>
<objectids-entry key="Default zone¤Youtube_1¤Youtube_1" objectid="159" type="HTTP_PAGE" value="88955f08-13ab-4182-b0bb-5ae7074f4799"/>
<objectids-entry key="Default zone¤Youtube_1¤Youtube_1" objectid="160" type="ACTION" value="e2c16d47-7226-4d54-b178-efc09357cf4f"/>
<objectids-entry key="Default zone¤Youtube_1¤Youtube_1" objectid="161" type="ACTION" value="c50517d9-0c28-44f1-a7e6-e06deaf5735f"/>
<objectids-entry key="Default zone¤Youtube_1¤Youtube_1" objectid="162" type="BASIC_LOGICAL_CONTAINER" value="06b7676f-5048-41e7-af63-85ee351ac127"/>
<objectids-entry key="Default zone¤Youtube_1¤Youtube_1" objectid="163" type="HTTP_PAGE" value="3d45e2e7-6bb7-45a3-af0b-95cfe3eddb6b"/>
<objectids-entry key="Default zone¤Youtube_1¤Youtube_1" objectid="164" type="ACTION" value="1c864883-257d-4c7e-a814-0305aefa3bb4"/>
<objectids-entry key="Default zone¤Youtube_1¤Youtube_1" objectid="165" type="ACTION" value="3066ad61-15c0-43cd-a995-a97b20043985"/>
<objectids-entry key="Default zone¤Youtube_1¤Youtube_1" objectid="166" type="HTTP_PAGE" value="b28198a6-06f7-41cf-b239-292241db6f11"/>
<objectids-entry key="Default zone¤Youtube_1¤Youtube_1" objectid="167" type="ACTION" value="63bc0523-2c96-438c-b84b-89fcf58ee7f9"/>
<objectids-entry key="Default zone¤Youtube_1¤Youtube_1" objectid="168" type="ACTION" value="101c4a1f-c375-4c26-adaa-60dadef857ae"/>
<objectids-entry key="Default zone¤Youtube_1¤Youtube_1" objectid="169" type="ACTION" value="9f8691cc-ed59-4505-b4c4-07ff77380d64"/>
<objectids-entry key="Default zone¤Youtube_1¤Youtube_1" objectid="170" type="ACTION" value="0dbb49b0-5ba5-4ee1-b69a-99623c98fcd3"/>
<objectids-entry key="Default zone¤Youtube_1¤Youtube_1" objectid="171" type="ACTION" value="672886be-0753-4a0c-bdb7-d961feccb119"/>
<objectids-entry key="Default zone¤Youtube_1¤Youtube_1" objectid="172" type="ACTION" value="55917ae0-3e59-4cf7-be32-c477e2c5fd69"/>
<objectids-entry key="Default zone¤Youtube_1¤Youtube_1" objectid="173" type="BASIC_LOGICAL_CONTAINER" value="a27ad3db-69b7-4f09-a81e-1d1c6923bacb"/>
<objectids-entry key="Default zone¤Youtube_1¤Youtube_1" objectid="174" type="HTTP_PAGE" value="01b95df8-ffff-430f-83cf-1abdf07831ea"/>
<objectids-entry key="Default zone¤Youtube_1¤Youtube_1" objectid="175" type="ACTION" value="cb0a58c2-ff55-4fa2-ba23-0157b335899e"/>
<objectids-entry key="Default zone¤Youtube_1¤Youtube_1" objectid="176" type="ACTION" value="8b6ed5b6-f72e-4e39-b6d2-dc22807b6de0"/>
<objectids-entry key="Default zone¤Youtube_1¤Youtube_1" objectid="177" type="HTTP_PAGE" value="c9c8028d-b9b7-4299-be46-2cac613dbaef"/>
<objectids-entry key="Default zone¤Youtube_1¤Youtube_1" objectid="178" type="ACTION" value="2129429a-c487-477c-85e2-eada4510928e"/>
<objectids-entry key="Default zone¤Youtube_1¤Youtube_1" objectid="179" type="BASIC_LOGICAL_CONTAINER" value="a868ce6e-0c94-4bc8-8839-882eb5490912"/>
<objectids-entry key="Default zone¤Youtube_1¤Youtube_1" objectid="180" type="HTTP_PAGE" value="88720289-05ce-4e4f-8b98-7c71669844ec"/>
<objectids-entry key="Default zone¤Youtube_1¤Youtube_1" objectid="181" type="ACTION" value="39719f61-f98e-43ca-925c-e5cadcf9f932"/>
<objectids-entry key="Default zone¤Youtube_1¤Youtube_1" objectid="182" type="HTTP_PAGE" value="5cc5e439-0b33-4b11-8cdd-499d4e57a24a"/>
<objectids-entry key="Default zone¤Youtube_1¤Youtube_1" objectid="183" type="ACTION" value="370a36fd-5b36-4778-a4d5-1a38511d8612"/>
<objectids-entry key="Default zone¤Youtube_1¤Youtube_1" objectid="184" type="ACTION" value="2aebf9f2-908b-4a28-8c43-e7d53b730213"/>
<objectids-entry key="Default zone¤Youtube_1¤Youtube_1" objectid="185" type="ACTION" value="2f7600f3-5850-47e8-8195-0f1b8cda1e4f"/>
<objectids-entry key="Default zone¤Youtube_1¤Youtube_1" objectid="186" type="ACTION" value="62236f15-3891-4fae-b224-eb1a58c74b69"/>
<objectids-entry key="Default zone¤Youtube_1¤Youtube_1" objectid="187" type="ACTION" value="31f749df-21ea-46e2-9806-c6518170451a"/>
<objectids-entry key="Default zone¤Youtube_1¤Youtube_1" objectid="188" type="BASIC_LOGICAL_CONTAINER" value="74c87f86-d043-4c8a-b223-113937befae8"/>
<objectids-entry key="Default zone¤Youtube_1¤Youtube_1" objectid="189" type="HTTP_PAGE" value="c557adb4-96e4-400a-a657-c85add69d0d5"/>
<objectids-entry key="Default zone¤Youtube_1¤Youtube_1" objectid="190" type="ACTION" value="2e8f8c7f-f259-41b7-ac05-139a4dce14c4"/>
<objectids-entry key="Default zone¤Youtube_1¤Youtube_1" objectid="191" type="ACTION" value="4083b5ac-8064-4ff4-9bb4-5565796d605a"/>
<objectids-entry key="Default zone¤Youtube_1¤Youtube_1" objectid="192" type="HTTP_PAGE" value="b8caa1c6-28f8-456a-aace-462c871aa63c"/>
<objectids-entry key="Default zone¤Youtube_1¤Youtube_1" objectid="193" type="ACTION" value="2caf4661-791f-4199-913f-cb23c6c30af0"/>
<objectids-entry key="Default zone¤Youtube_1¤Youtube_1" objectid="194" type="ACTION" value="521ca7e2-6539-49b5-bddd-8b677508ca9c"/>
<objectids-entry key="Default zone¤Youtube_1¤Youtube_1" objectid="195" type="ACTION" value="9080786c-7f17-4f6b-a79e-742db76d2b46"/>
<objectids-entry key="Default zone¤Youtube_1¤Youtube_1" objectid="196" type="ACTION" value="b78de664-2bef-4d29-b2e1-e4552e666921"/>
<objectids-entry key="Default zone¤Youtube_1¤Youtube_1" objectid="197" type="ACTION" value="46d27226-7d18-411b-aeae-a7af94215afc"/>
<objectids-entry key="Default zone¤Youtube_1¤Youtube_1" objectid="198" type="ACTION" value="6dd541a8-75cb-4744-a3a9-a6fd44f5a4c6"/>
<objectids-entry key="Default zone¤Youtube_1¤Youtube_1" objectid="199" type="ACTION" value="47582cdd-1a9f-4c63-b687-30b2ec76bb4d"/>
<objectids-entry key="Default zone¤Youtube_1¤Youtube_1" objectid="200" type="ACTION" value="27f71580-c87a-4a74-abe7-0a22655c6426"/>
<objectids-entry key="Default zone¤Youtube_1¤Youtube_1" objectid="201" type="BASIC_LOGICAL_CONTAINER" value="b4545428-3d3c-48cd-8440-926db27d90b4"/>
<objectids-entry key="Default zone¤Youtube_1¤Youtube_1" objectid="202" type="HTTP_PAGE" value="6b824ffe-4d86-46b7-8a74-1e2a7e0130cf"/>
<objectids-entry key="Default zone¤Youtube_1¤Youtube_1" objectid="203" type="ACTION" value="d9b80cbb-f664-4d57-977b-36c04193629c"/>
<objectids-entry key="Default zone¤Youtube_1¤Youtube_1" objectid="204" type="ACTION" value="14aacecd-a2a5-4dc0-8244-2b6bbb2e104f"/>
<objectids-entry key="Default zone¤Youtube_1¤Youtube_1" objectid="205" type="HTTP_PAGE" value="f3942c6a-4f65-41c3-8e94-35331df67d1b"/>
<objectids-entry key="Default zone¤Youtube_1¤Youtube_1" objectid="206" type="ACTION" value="3caa3d5b-ea1b-4257-a920-3f8fa7e69473"/>
<objectids-entry key="Default zone¤Youtube_1¤Youtube_1" objectid="207" type="ACTION" value="dbfa0add-4eaa-483c-b1cc-3e23b28b292c"/>
<objectids-entry key="Default zone¤Youtube_1¤Youtube_1" objectid="208" type="ACTION" value="5b3830f0-bc95-4041-85be-e62787c49fec"/>
<objectids-entry key="Default zone¤Youtube_1¤Youtube_1" objectid="209" type="ACTION" value="d6bb3fcc-13d0-48c7-a4b6-85f30ccb1df4"/>
<objectids-entry key="Default zone¤Youtube_1¤Youtube_1" objectid="210" type="HTTP_PAGE" value="eb03da59-3ad7-45a3-a9b3-3e7fa2907800"/>
<objectids-entry key="Default zone¤Youtube_1¤Youtube_1" objectid="211" type="ACTION" value="64aa246e-6b52-4a05-92ba-b01163a45a63"/>
<objectids-entry key="Default zone¤Youtube_1¤Youtube_1" objectid="212" type="ACTION" value="dc7fdf7c-32d5-471f-8287-39f566da51f4"/>
<objectids-entry key="Default zone¤Youtube_1¤Youtube_1" objectid="213" type="HTTP_PAGE" value="e5522fb8-62e0-4cdb-95df-2b8174c0a35f"/>
<objectids-entry key="Default zone¤Youtube_1¤Youtube_1" objectid="214" type="ACTION" value="49384407-0b27-4189-afe8-2841003b729a"/>
<objectids-entry key="Default zone¤Youtube_1¤Youtube_1" objectid="215" type="ACTION" value="750cf987-108c-4ad6-8146-3024c2d21903"/>
<objectids-entry key="Default zone¤Youtube_1¤Youtube_1" objectid="216" type="ACTION" value="462a1278-844b-4c28-a94f-75615031fe39"/>
<objectids-entry key="Default zone¤Youtube_1¤Youtube_1" objectid="217" type="ACTION" value="af0b286f-bbda-4fcd-aaf2-3630a6e468c1"/>
<objectids-entry key="Default zone¤Youtube_1¤Youtube_1" objectid="218" type="ACTION" value="841a8f2f-bf3a-424f-9388-50df68b5b27f"/>
<objectids-entry key="Default zone¤Youtube_1¤Youtube_1" objectid="219" type="ACTION" value="96d7f255-6580-4941-8eed-03645de038d2"/>
<objectids-entry key="Default zone¤Youtube_1¤Youtube_1" objectid="220" type="ACTION" value="e04c1373-9d07-4424-868c-aef437ae511e"/>
<objectids-entry key="Default zone¤Youtube_1¤Youtube_1" objectid="221" type="ACTION" value="83189120-27dd-413e-8f1f-5cfe7f20ca78"/>
<objectids-entry key="Default zone¤Youtube_1¤Youtube_1" objectid="222" type="ACTION" value="d4275426-d00f-4562-9470-1e2e0445a99d"/>
<objectids-entry key="Default zone¤Youtube_1¤Youtube_1" objectid="223" type="ACTION" value="626ecfe1-ddac-4f7b-8454-eb3db5c7b174"/>
<objectids-entry key="Default zone¤Youtube_1¤Youtube_1" objectid="224" type="ACTION" value="5cc2385a-61ae-4a26-a1f7-2a5e1c7973fe"/>
<objectids-entry key="Default zone¤Youtube_1¤Youtube_1" objectid="225" type="ACTION" value="e80d8fe1-4f8c-417b-9d79-a7f97d0e294a"/>
<objectids-entry key="Default zone¤Youtube_1¤Youtube_1" objectid="226" type="ACTION" value="0e89ac09-19d7-4850-a3ab-fb9cc892b460"/>
<objectids-entry key="Default zone¤Youtube_1¤Youtube_1" objectid="227" type="ACTION" value="aa4499af-c80f-47db-b21c-a59b0ab5dc44"/>
<objectids-entry key="Default zone¤Youtube_1¤Youtube_1" objectid="228" type="ACTION" value="e1eefac1-c58e-4b7b-8b49-3803ae226297"/>
<objectids-entry key="Default zone¤Youtube_1¤Youtube_1" objectid="229" type="ACTION" value="33625a07-8152-4f9c-8ace-912af1877b6b"/>
<objectids-entry key="Default zone¤Youtube_1¤Youtube_1" objectid="230" type="ACTION" value="3ad71b8e-d38a-4a11-aa99-0fc79913be31"/>
<objectids-entry key="Default zone¤Youtube_1¤Youtube_1" objectid="231" type="ACTION" value="a13a59d9-e013-44d5-833f-6a887c1f9e47"/>
<objectids-entry key="Default zone¤Youtube_1¤Youtube_1" objectid="232" type="ACTION" value="68896a27-def9-4e00-8aa4-8ebfc2411706"/>
<objectids-entry key="Default zone¤Youtube_1¤Youtube_1" objectid="233" type="ACTION" value="3d440172-0be2-4bde-bc89-b571d05892d6"/>
<objectids-entry key="Default zone¤Youtube_1¤Youtube_1" objectid="234" type="ACTION" value="9ca68402-e93a-4768-ae83-b4f44a4ddf77"/>
<objectids-entry key="Default zone¤Youtube_1¤Youtube_1" objectid="235" type="ACTION" value="5d662afa-6c72-4ae6-9007-ca3620d18cff"/>
<objectids-entry key="Default zone¤Youtube_1¤Youtube_1" objectid="236" type="ACTION" value="22be3ccd-c78f-4620-8805-7ce3036f0149"/>
<objectids-entry key="Default zone¤Youtube_1¤Youtube_1" objectid="237" type="ACTION" value="af909410-3280-42b2-af1b-32088a370e09"/>
<objectids-entry key="Default zone¤Youtube_1¤Youtube_1" objectid="238" type="ACTION" value="facefee7-d26b-4ed9-b380-742984a9caf4"/>
<objectids-entry key="Default zone¤Youtube_1¤Youtube_1" objectid="239" type="ACTION" value="106765d9-8236-442d-969f-25b5c464295c"/>
<objectids-entry key="Default zone¤Youtube_1¤Youtube_1" objectid="240" type="ACTION" value="c0f47efa-fd77-4fca-9e81-7cd82a01a728"/>
<objectids-entry key="Default zone¤Youtube_1¤Youtube_1" objectid="241" type="ACTION" value="7a36b99e-3db0-4242-8dd5-4e680430dcf6"/>
<objectids-entry key="Default zone¤Youtube_1¤Youtube_1" objectid="242" type="ACTION" value="f1effbb1-f60b-42a2-ae38-c261d66e19d3"/>
<objectids-entry key="Default zone¤Youtube_1¤Youtube_1" objectid="243" type="ACTION" value="d3acc5e8-be92-425e-91ad-b7e997026c8c"/>
<objectids-entry key="Default zone¤Youtube_1¤Youtube_1" objectid="244" type="ACTION" value="4043f50e-ecc0-4071-a0bf-8ef4e5dbab24"/>
<objectids-entry key="Default zone¤Youtube_1¤Youtube_1" objectid="245" type="ACTION" value="ba4ca961-d947-42ab-b6ae-98439ec519d2"/>
<objectids-entry key="Default zone¤Youtube_1¤Youtube_1" objectid="246" type="BASIC_LOGICAL_CONTAINER" value="fd7a84d1-a84d-4def-abe2-4abc630a693f"/>
<objectids-entry key="Default zone¤Youtube_1¤Youtube_1" objectid="247" type="HTTP_PAGE" value="d22a9d31-db5e-47d5-aaf9-ad7c28ebf8e2"/>
<objectids-entry key="Default zone¤Youtube_1¤Youtube_1" objectid="248" type="ACTION" value="7a72bf23-ea5e-4d2e-a9cb-26cbae10be0f"/>
<objectids-entry key="Default zone¤Youtube_1¤Youtube_1" objectid="249" type="HTTP_PAGE" value="92437d06-9825-4ef2-940d-26066c7d36b8"/>
<objectids-entry key="Default zone¤Youtube_1¤Youtube_1" objectid="250" type="ACTION" value="9a0c1968-527b-4b79-9a0a-e7824dd9562f"/>
<objectids-entry key="Default zone¤Youtube_1¤Youtube_1" objectid="251" type="HTTP_PAGE" value="a3fb2dd0-f9ae-42d5-bf10-12220d5dce00"/>
<objectids-entry key="Default zone¤Youtube_1¤Youtube_1" objectid="252" type="ACTION" value="e3cba5f6-126e-4895-ba96-0e743f42bcb4"/>
<objectids-entry key="Default zone¤Youtube_1¤Youtube_1" objectid="253" type="HTTP_PAGE" value="676bcab3-8a59-4d45-a2fe-d618bb8af7f0"/>
<objectids-entry key="Default zone¤Youtube_1¤Youtube_1" objectid="254" type="ACTION" value="cd039d57-6e46-4a34-9724-0c0fef1402bf"/>
<objectids-entry key="Default zone¤Youtube_1¤Youtube_1" objectid="255" type="ACTION" value="314047fc-5fb2-46a7-9c3a-e0ccc2b09d6f"/>
<objectids-entry key="Default zone¤Youtube_1¤Youtube_1" objectid="256" type="ACTION" value="35d4c106-2f48-472d-b8cd-10cbfff5d8e8"/>
<objectids-entry key="Default zone¤Youtube_1¤Youtube_1" objectid="257" type="ACTION" value="4f600726-77ea-498c-a006-4287e6fddd36"/>
<objectids-entry key="Default zone¤Youtube_1¤Youtube_1" objectid="258" type="ACTION" value="48b1c6b5-9e7a-47ef-8e63-1a346e697005"/>
<objectids-entry key="Default zone¤Youtube_1¤Youtube_1" objectid="259" type="HTTP_PAGE" value="07520c20-adac-46d3-8c90-7bf3ad1fa223"/>
<objectids-entry key="Default zone¤Youtube_1¤Youtube_1" objectid="260" type="ACTION" value="910d081a-2e6b-4eb9-a3e2-5a145f30f955"/>
<objectids-entry key="Default zone¤Youtube_1¤Youtube_1" objectid="261" type="BASIC_LOGICAL_CONTAINER" value="65e33826-dc2a-4402-ac07-fc1d99d7b4d2"/>
<objectids-entry key="Default zone¤Youtube_1¤Youtube_1" objectid="262" type="HTTP_PAGE" value="c381436a-5b3b-4bd9-862a-fd02d4d260ad"/>
<objectids-entry key="Default zone¤Youtube_1¤Youtube_1" objectid="263" type="ACTION" value="ced201d8-41ec-4056-9fd8-e53b1953c040"/>
<objectids-entry key="Default zone¤Youtube_1¤Youtube_1" objectid="264" type="HTTP_PAGE" value="0074036b-6a70-466f-bc85-ab25d446366e"/>
<objectids-entry key="Default zone¤Youtube_1¤Youtube_1" objectid="265" type="ACTION" value="c230e11b-a1b6-450c-b0e2-1d6a7fd01249"/>
<objectids-entry key="Default zone¤Youtube_1¤Youtube_1" objectid="266" type="ACTION" value="8c9146b4-c1ba-4fe2-bcb5-51f3e894725a"/>
<objectids-entry key="Default zone¤Youtube_1¤Youtube_1" objectid="267" type="HTTP_PAGE" value="227bea92-9f0c-456e-881c-846d3912e35a"/>
<objectids-entry key="Default zone¤Youtube_1¤Youtube_1" objectid="268" type="ACTION" value="060a5409-078c-4016-b178-288ded044297"/>
<objectids-entry key="Default zone¤Youtube_1¤Youtube_1" objectid="269" type="ACTION" value="19e80861-bb87-4fce-8329-98744bba1cd4"/>
<objectids-entry key="Default zone¤Youtube_1¤Youtube_1" objectid="270" type="ACTION" value="7eb28274-dd89-4f67-a58a-6d7e7b0382fb"/>
<objectids-entry key="Default zone¤Youtube_1¤Youtube_1" objectid="271" type="ACTION" value="21546999-e6fd-429e-a1db-d7254c6d75d8"/>
<objectids-entry key="Default zone¤Youtube_1¤Youtube_1" objectid="272" type="HTTP_PAGE" value="222aefd4-84a1-4d50-afbe-a1a0ae18d3d1"/>
<objectids-entry key="Default zone¤Youtube_1¤Youtube_1" objectid="273" type="ACTION" value="8c82ecd4-8e52-4670-a631-af5b63b90b09"/>
<objectids-entry key="Default zone¤Youtube_1¤Youtube_1" objectid="274" type="ACTION" value="479cdc62-fd55-413d-b1df-02d2f4933a50"/>
<objectids-entry key="Default zone¤Youtube_1¤Youtube_1" objectid="275" type="HTTP_PAGE" value="2a7eaa75-09e3-468d-964f-bc12b4c39ad8"/>
<objectids-entry key="Default zone¤Youtube_1¤Youtube_1" objectid="276" type="ACTION" value="2df138f7-0470-41e0-84f5-7b1567c994a8"/>
<objectids-entry key="Default zone¤Youtube_1¤Youtube_1" objectid="277" type="ACTION" value="5f3828c4-cb57-4108-abf5-d394dc64544f"/>
<objectids-entry key="Default zone¤Youtube_1¤Youtube_1" objectid="278" type="ACTION" value="e23126e9-a47d-4a71-9eb7-b923c2bf520e"/>
<objectids-entry key="Default zone¤Youtube_1¤Youtube_1" objectid="279" type="ACTION" value="d788f3a5-3808-47db-8706-03259b8c2513"/>
<objectids-entry key="Default zone¤Youtube_1¤Youtube_1" objectid="280" type="ACTION" value="0137c5ca-1b77-44d7-903c-c92376bb2fd7"/>
<objectids-entry key="Default zone¤Youtube_1¤Youtube_1" objectid="281" type="ACTION" value="61fe563a-74e1-49ae-b0eb-c212f9db6089"/>
<objectids-entry key="Default zone¤Youtube_1¤Youtube_1" objectid="282" type="ACTION" value="b27a0625-e68b-443c-994b-42786c366412"/>
<objectids-entry key="Default zone¤Youtube_1¤Youtube_1" objectid="283" type="ACTION" value="213cf878-d184-47d4-b779-593c441f2c5c"/>
<objectids-entry key="Default zone¤Youtube_1¤Youtube_1" objectid="284" type="ACTION" value="d472f6a3-8823-4d3a-a005-52cd2ffcf324"/>
<objectids-entry key="Default zone¤Youtube_1¤Youtube_1" objectid="285" type="ACTION" value="2efa701d-57c6-4226-a74c-7cb5454faab4"/>
<objectids-entry key="Default zone¤Youtube_1¤Youtube_1" objectid="286" type="HTTP_PAGE" value="91277be5-80cf-4a0b-b552-eb4bd4f52aa4"/>
<objectids-entry key="Default zone¤Youtube_1¤Youtube_1" objectid="287" type="ACTION" value="f935a4fb-a7a9-403b-bb99-0ba22e37f121"/>
<objectids-entry key="Default zone¤Youtube_1¤Youtube_1" objectid="288" type="ACTION" value="2d072a76-a26a-43ff-96e4-fdc2b854e008"/>
<objectids-entry key="Default zone¤Youtube_1¤Youtube_1" objectid="289" type="ACTION" value="7c5dbca3-8e14-456e-840c-d676586fec16"/>
<objectids-entry key="Default zone¤Youtube_1¤Youtube_1" objectid="290" type="ACTION" value="161e08bf-0985-491e-bafa-90d959e08059"/>
<objectids-entry key="Default zone¤Youtube_1¤Youtube_1" objectid="291" type="ACTION" value="acbaf3f5-2619-41ee-84c9-6102779d34fd"/>
<objectids-entry key="Default zone¤Youtube_1¤Youtube_1" objectid="292" type="ACTION" value="ea9f63df-96ee-4735-8471-2956ff1a48fc"/>
<objectids-entry key="Default zone¤Youtube_1¤Youtube_1" objectid="293" type="ACTION" value="c85ba9fa-7477-4443-bbfd-bb0b7ba58131"/>
<objectids-entry key="Default zone¤Youtube_1¤Youtube_1" objectid="294" type="HTTP_PAGE" value="b0380ccb-93c1-45a2-807e-b0ceda64c442"/>
<objectids-entry key="Default zone¤Youtube_1¤Youtube_1" objectid="295" type="ACTION" value="5b650dcf-169a-4230-b8bb-b6618a83b67a"/>
<objectids-entry key="Default zone¤Youtube_1¤Youtube_1" objectid="296" type="ACTION" value="4ff8da2b-acd1-4a0f-b0b0-71ec8541fadc"/>
<objectids-entry key="Default zone¤Youtube_1¤Youtube_1" objectid="297" type="ACTION" value="55651970-978e-40ca-89f8-c71a583d19d6"/>
<objectids-entry key="Default zone¤Youtube_1¤Youtube_1" objectid="298" type="ACTION" value="a9b14b1d-bea5-4031-9891-0af6ea32bd1b"/>
<objectids-entry key="Default zone¤Youtube_1¤Youtube_1" objectid="299" type="ACTION" value="5e0ba69d-2dfa-4865-b8bd-2a1596d72ac8"/>
<objectids-entry key="Default zone¤Youtube_1¤Youtube_1" objectid="300" type="ACTION" value="a8155501-aebd-495e-8839-6554e9ce162c"/>
<objectids-entry key="Default zone¤Youtube_1¤Youtube_1" objectid="301" type="ACTION" value="b2f9f9a5-5352-4e43-8135-3b5d79f471eb"/>
<objectids-entry key="Default zone¤Youtube_1¤Youtube_1" objectid="302" type="ACTION" value="89ccd879-be28-43c1-b9da-52429e88e9cc"/>
<objectids-entry key="Default zone¤Youtube_1¤Youtube_1" objectid="303" type="ACTION" value="158e1bd1-615a-41d6-a669-ce4a8c9cbddd"/>
<objectids-entry key="Default zone¤Youtube_1¤Youtube_1" objectid="304" type="ACTION" value="38d6cce7-45a4-458f-a31d-47b3570a2ad9"/>
<objectids-entry key="Default zone¤Youtube_1¤Youtube_1" objectid="305" type="ACTION" value="de86c377-7424-439e-b886-2a3724551986"/>
<objectids-entry key="Default zone¤Youtube_1¤Youtube_1" objectid="306" type="ACTION" value="1f3c2279-45f7-489e-a742-8c269895b282"/>
<objectids-entry key="Default zone¤Youtube_1¤Youtube_1" objectid="307" type="HTTP_PAGE" value="70ff174b-118e-4052-ad85-20daa0a974b9"/>
<objectids-entry key="Default zone¤Youtube_1¤Youtube_1" objectid="308" type="ACTION" value="1e4e5c71-71f1-47f0-8b0e-b36651841d3f"/>
<objectids-entry key="Default zone¤Youtube_1¤Youtube_1" objectid="309" type="ACTION" value="3668cd07-3bea-462f-93b6-68311c1c1833"/>
<objectids-entry key="Default zone¤Youtube_1¤Youtube_1" objectid="310" type="ACTION" value="d2fc36b8-bb5b-41d7-83e9-b5db06084899"/>
<objectids-entry key="Default zone¤Youtube_1¤Youtube_1" objectid="311" type="BASIC_LOGICAL_CONTAINER" value="70701d95-baed-4bde-b8f7-813cc8365dff"/>
<objectids-entry key="Default zone¤Youtube_1¤Youtube_1" objectid="312" type="HTTP_PAGE" value="c6743674-adee-42b3-97a5-1363a33fdaf6"/>
<objectids-entry key="Default zone¤Youtube_1¤Youtube_1" objectid="313" type="ACTION" value="a3fa75b5-dde9-4815-b2bb-b9c0738398d4"/>
<objectids-entry key="Default zone¤Youtube_1¤Youtube_1" objectid="314" type="ACTION" value="15b24b52-7d55-4258-9639-bbd551186c7f"/>
<objectids-entry key="Default zone¤Youtube_1¤Youtube_1" objectid="315" type="HTTP_PAGE" value="d083611c-d602-441b-bcc7-3dacf076b9c0"/>
<objectids-entry key="Default zone¤Youtube_1¤Youtube_1" objectid="316" type="ACTION" value="16e89962-78d4-4f5d-8653-ff42214799d0"/>
<objectids-entry key="Default zone¤Youtube_1¤Youtube_1" objectid="317" type="ACTION" value="d5879119-37e9-4a35-b969-afedf92f3346"/>
<objectids-entry key="Default zone¤Youtube_1¤Youtube_1" objectid="318" type="ACTION" value="ca7d120b-dac9-4737-a505-6b397c71e235"/>
<objectids-entry key="Default zone¤Youtube_1¤Youtube_1" objectid="319" type="ACTION" value="838c9596-c076-4828-8af2-6d943f08d20f"/>
<objectids-entry key="Default zone¤Youtube_1¤Youtube_1" objectid="320" type="ACTION" value="a7991f87-5ae2-4049-88e3-744e6996afd9"/>
<objectids-entry key="Default zone¤Youtube_1¤Youtube_1" objectid="321" type="ACTION" value="9b8ea01f-2074-45e8-b2c2-f8986a783c97"/>
<objectids-entry key="Default zone¤Youtube_1¤Youtube_1" objectid="322" type="HTTP_PAGE" value="9e9424c7-41e0-4d59-8d56-09a81bab5506"/>
<objectids-entry key="Default zone¤Youtube_1¤Youtube_1" objectid="323" type="ACTION" value="152b3c2f-c9d1-4734-94f3-763ad6f2cd54"/>
<objectids-entry key="Default zone¤Youtube_1¤Youtube_1" objectid="324" type="HTTP_PAGE" value="e1eed914-0490-4742-8354-f9c4edd7a08f"/>
<objectids-entry key="Default zone¤Youtube_1¤Youtube_1" objectid="325" type="ACTION" value="4baadecf-23e8-4100-9dab-9479584069c4"/>
<objectids-entry key="Default zone¤Youtube_1¤Youtube_1" objectid="326" type="ACTION" value="9f4aa5df-9410-4260-9b9d-2a585489520c"/>
<objectids-entry key="Default zone¤Youtube_1¤Youtube_1" objectid="327" type="ACTION" value="d08f1b4c-42b7-427a-a045-881c040a1020"/>
<objectids-entry key="Default zone¤Youtube_1¤Youtube_1" objectid="328" type="ACTION" value="c0cd06a6-c4d1-4925-b546-b204815224ce"/>
<objectids-entry key="Default zone¤Youtube_1¤Youtube_1" objectid="329" type="ACTION" value="8e7294db-b460-4e36-bbaa-375cb058329d"/>
<objectids-entry key="Default zone¤Youtube_1¤Youtube_1" objectid="330" type="ACTION" value="191125e3-a0be-47a5-9ee7-1c221ef77e1f"/>
<objectids-entry key="Default zone¤Youtube_1¤Youtube_1" objectid="331" type="ACTION" value="c7357e7c-368a-4fac-8b34-0040a8988fe2"/>
<objectids-entry key="Default zone¤Youtube_1¤Youtube_1" objectid="332" type="ACTION" value="0dc618b3-1b84-48d4-ae54-c33420c21988"/>
<objectids-entry key="Default zone¤Youtube_1¤Youtube_1" objectid="333" type="BASIC_LOGICAL_CONTAINER" value="65f8d969-16f7-4aef-bf93-5a5c71c98a7f"/>
<objectids-entry key="Default zone¤Youtube_1¤Youtube_1" objectid="334" type="HTTP_PAGE" value="ac4a5092-5379-49ff-b11f-9a23c1b3f9d7"/>
<objectids-entry key="Default zone¤Youtube_1¤Youtube_1" objectid="335" type="ACTION" value="84daab50-30a7-4249-b8b8-a326a0380819"/>
<objectids-entry key="Default zone¤Youtube_1¤Youtube_1" objectid="336" type="HTTP_PAGE" value="85ca5c94-4ffe-455f-88da-a8a4eec0617b"/>
<objectids-entry key="Default zone¤Youtube_1¤Youtube_1" objectid="337" type="ACTION" value="f4583f9f-620c-4ea7-aad9-eb474cc2c8f7"/>
<objectids-entry key="Default zone¤Youtube_1¤Youtube_1" objectid="338" type="ACTION" value="2c29397e-4bbf-442b-b3c1-928f8f586ed9"/>
<objectids-entry key="Default zone¤Youtube_1¤Youtube_1" objectid="339" type="HTTP_PAGE" value="7aab8629-a45e-43fb-894c-2fab8035919c"/>
<objectids-entry key="Default zone¤Youtube_1¤Youtube_1" objectid="340" type="ACTION" value="7a113d01-cca0-4e70-97a0-05efc2e0bb6f"/>
<objectids-entry key="Default zone¤Youtube_1¤Youtube_1" objectid="341" type="HTTP_PAGE" value="c902b9f9-4279-4a6d-9e2a-46a0a9774df6"/>
<objectids-entry key="Default zone¤Youtube_1¤Youtube_1" objectid="342" type="ACTION" value="49408f25-95cb-4357-9a02-1ee8c47f253d"/>
<objectids-entry key="Default zone¤Youtube_1¤Youtube_1" objectid="343" type="ACTION" value="0fa179c5-db87-4a92-84c3-ce7c7033a503"/>
<objectids-entry key="Default zone¤Youtube_1¤Youtube_1" objectid="344" type="ACTION" value="8903e7a0-ca2d-49e0-9122-89c747c424eb"/>
<objectids-entry key="Default zone¤Youtube_1¤Youtube_1" objectid="345" type="ACTION" value="1e4893e3-ff68-45d8-850a-85de65c2ca86"/>
<objectids-entry key="Default zone¤Youtube_1¤Youtube_1" objectid="346" type="ACTION" value="5307e13f-05a9-43b1-8f11-89e248156c3d"/>
<objectids-entry key="Default zone¤Youtube_1¤Youtube_1" objectid="347" type="ACTION" value="b8e687b5-0291-4a55-89a1-5e598190965b"/>
<objectids-entry key="Default zone¤Youtube_1¤Youtube_1" objectid="348" type="HTTP_PAGE" value="9efae2ac-1a66-42a7-a844-20b35d9dbe5a"/>
<objectids-entry key="Default zone¤Youtube_1¤Youtube_1" objectid="349" type="ACTION" value="c050da03-1fa8-407f-a519-19ca905268f8"/>
<objectids-entry key="Default zone¤Youtube_1¤Youtube_1" objectid="350" type="ACTION" value="23ba65a4-40e5-48a5-bc0a-9866843d4053"/>
<objectids-entry key="Default zone¤Youtube_1¤Youtube_1" objectid="351" type="ACTION" value="e6585dcc-b34b-4452-ba20-dfdfce2f9231"/>
<objectids-entry key="Default zone¤Youtube_1¤Youtube_1" objectid="352" type="ACTION" value="ab3c2989-ca7f-4221-a653-db0c2eed753c"/>
<objectids-entry key="Default zone¤Youtube_1¤Youtube_1" objectid="353" type="ACTION" value="dbd8e365-f51c-4f91-a6b4-ef7bd83610fd"/>
<objectids-entry key="Default zone¤Youtube_1¤Youtube_1" objectid="354" type="HTTP_PAGE" value="b2f2f31f-47f5-43de-8819-2feb40023c98"/>
<objectids-entry key="Default zone¤Youtube_1¤Youtube_1" objectid="355" type="ACTION" value="6405e652-0986-4e0a-852e-c47d12ed7a4e"/>
<objectids-entry key="Default zone¤Youtube_1¤Youtube_1" objectid="356" type="ACTION" value="b33fc53e-4057-4f5e-81a7-472d6e67ce6e"/>
<objectids-entry key="Default zone¤Youtube_1¤Youtube_1" objectid="357" type="ACTION" value="dc12231d-dea4-465c-a3ba-aa2116d00bd8"/>
<objectids-entry key="Default zone¤Youtube_1¤Youtube_1" objectid="358" type="ACTION" value="29f7f8ce-c2cd-40e6-acac-a93725239be4"/>
<objectids-entry key="Default zone¤Youtube_1¤Youtube_1" objectid="359" type="HTTP_PAGE" value="d469595c-c570-4234-ad94-38f2b6236601"/>
<objectids-entry key="Default zone¤Youtube_1¤Youtube_1" objectid="360" type="ACTION" value="a4b9a452-1511-4894-baa9-790fb89148f9"/>
<objectids-entry key="Default zone¤Youtube_1¤Youtube_1" objectid="361" type="ACTION" value="a185e328-577e-4fee-8beb-1ea9ba74e0f5"/>
<objectids-entry key="Default zone¤Youtube_1¤Youtube_1" objectid="362" type="ACTION" value="52f867f3-d319-4c87-8747-9e9fce5d4147"/>
<objectids-entry key="Default zone¤Youtube_1¤Youtube_1" objectid="363" type="ACTION" value="8aebb8e0-5367-4fea-b4dc-3103bee9addc"/>
<objectids-entry key="Default zone¤Youtube_1¤Youtube_1" objectid="364" type="ACTION" value="107de62a-bfad-480b-b9f9-25f5f23d75c4"/>
<objectids-entry key="Default zone¤Youtube_1¤Youtube_1" objectid="365" type="ACTION" value="289f5dfa-03d1-4834-aeaf-bfb5ca99c3cc"/>
<objectids-entry key="Default zone¤Youtube_1¤Youtube_1" objectid="366" type="ACTION" value="990fa03c-d338-494b-8950-94f611733508"/>
<objectids-entry key="Default zone¤Youtube_1¤Youtube_1" objectid="367" type="ACTION" value="005229de-aaf9-4f3b-88cc-4245ca967940"/>
<objectids-entry key="Default zone¤Youtube_1¤Youtube_1" objectid="368" type="ACTION" value="529ec2c0-3ace-4cac-8ec1-1512c007fcab"/>
<objectids-entry key="Default zone¤Youtube_1¤Youtube_1" objectid="369" type="ACTION" value="0141019d-e5d1-478d-bf44-91465f66cc49"/>
<objectids-entry key="Default zone¤Youtube_1¤Youtube_1" objectid="370" type="ACTION" value="cd7856c6-1d97-4d1c-99f4-267514edf636"/>
<objectids-entry key="Default zone¤Youtube_1¤Youtube_1" objectid="371" type="ACTION" value="21d50828-5093-4944-97ff-0062a0c9cf97"/>
<objectids-entry key="Default zone¤Youtube_1¤Youtube_1" objectid="372" type="ACTION" value="d4b00c73-bd9c-452e-8c5a-f27bb4f24b40"/>
<objectids-entry key="Default zone¤Youtube_1¤Youtube_1" objectid="373" type="ACTION" value="beb84297-6099-4a13-aa88-cf890a585588"/>
<objectids-entry key="Default zone¤Youtube_1¤Youtube_1" objectid="374" type="ACTION" value="5d28efe4-a180-45e8-aa65-2cde06f604b1"/>
<objectids-entry key="Default zone¤Youtube_1¤Youtube_1" objectid="375" type="ACTION" value="c1967dae-b0da-4b08-8f93-8ff10a02dafc"/>
<objectids-entry key="Default zone¤Youtube_1¤Youtube_1" objectid="376" type="BASIC_LOGICAL_CONTAINER" value="$parent=Youtube_1;$index=2"/>
<objectids-entry key="¤¤" objectid="377" type="MONITORED_HOST" value="NeoLoad"/>
<objectids-entry key="¤¤" objectid="378" type="MONITORCONNECTION" value="NeoLoad$NeoLoad"/>
<objectids-entry key="¤¤" objectid="379" type="MONITOR" value="NeoLoad$NeoLoad$UserLoad"/>
<objectids-entry key="¤¤" objectid="380" type="MONITOR" value="NeoLoad$NeoLoad$throughput"/>
<objectids-entry key="¤¤" objectid="381" type="MONITOR" value="NeoLoad$NeoLoad$Alerts"/>
<objectids-entry key="¤¤" objectid="382" type="MONITOR" value="NeoLoad$NeoLoad$CriticalAlerts"/>
<objectids-entry key="¤¤" objectid="383" type="MONITOR" value="NeoLoad$NeoLoad$WarningAlerts"/>
<objectids-entry key="¤¤" objectid="384" type="MONITOR" value="NeoLoad$NeoLoad$cpu"/>
<objectids-entry key="¤¤" objectid="385" type="THRESHOLD" value="NeoLoad$NeoLoad$1307f7a7-0ebf-4cdf-b1e2-1454231db93a"/>
<objectids-entry key="¤¤" objectid="386" type="MONITOR" value="NeoLoad$NeoLoad$memory"/>
<objectids-entry key="¤¤" objectid="387" type="THRESHOLD" value="NeoLoad$NeoLoad$92f08fa7-cb4a-44b9-8e6b-d72739259a2b"/>
<objectids-entry key="¤¤" objectid="388" type="MONITOR" value="NeoLoad$NeoLoad$threadcount"/>
<objectids-entry key="¤¤" objectid="389" type="MONITOR" value="NeoLoad$NeoLoad$connectedlg"/>
<objectids-entry key="¤¤" objectid="390" type="MONITOR" value="NeoLoad$NeoLoad$totallgdisconnections"/>
<objectids-entry key="¤¤" objectid="391" type="THRESHOLD" value="NeoLoad$NeoLoad$3d53f058-6348-469e-a53a-d7ee3f5cf4bc"/>
<objectids-entry key="¤¤" objectid="392" type="MONITOR" value="NeoLoad$NeoLoad$totallgreconnections"/>
<objectids-entry key="¤¤" objectid="393" type="MONITOR" value="NeoLoad$NeoLoad$otcp.NeoLoad"/>
<objectids-entry key="¤¤" objectid="394" type="MONITOR" value="NeoLoad$NeoLoad$tcp.NeoLoad"/>
<objectids-entry key="¤¤" objectid="395" type="MONITOR" value="NeoLoad$NeoLoad$nlwebdownload"/>
<objectids-entry key="¤¤" objectid="396" type="MONITOR" value="NeoLoad$NeoLoad$nlwebupload"/>
<objectids-entry key="¤¤" objectid="397" type="MONITOR" value="NeoLoad$NeoLoad$SapUserLoad"/>
<objectids-entry key="¤¤" objectid="398" type="MONITOR" value="NeoLoad$NeoLoad$CitrixUserLoad"/>
<objectids-entry key="¤¤" objectid="399" type="MONITOR" value="NeoLoad$NeoLoad$zoneuserload~Default zone"/>
<objectids-entry key="¤¤" objectid="400" type="MONITOR" value="NeoLoad$NeoLoad$zoneuserloadperpopulation~Default zone~Youtube_1"/>
<objectids-entry key="¤¤" objectid="401" type="MONITOR" value="NeoLoad$NeoLoad$zoneuserloadperpopulation~Default zone~Youtube_1~Youtube_1"/>
<objectids-entry key="¤¤" objectid="402" type="MONITORED_HOST" value="LG localhost:7100"/>
<objectids-entry key="¤¤" objectid="403" type="MONITORCONNECTION" value="LG localhost:7100$NeoLoad"/>
<objectids-entry key="¤¤" objectid="404" type="MONITOR" value="LG localhost:7100$NeoLoad$lgcpu.localhost:7100"/>
<objectids-entry key="¤¤" objectid="405" type="THRESHOLD" value="LG localhost:7100$NeoLoad$581e44d4-c77c-4a88-855a-efbccd2faf10"/>
<objectids-entry key="¤¤" objectid="406" type="MONITOR" value="LG localhost:7100$NeoLoad$lgmemory.localhost:7100"/>
<objectids-entry key="¤¤" objectid="407" type="THRESHOLD" value="LG localhost:7100$NeoLoad$15241809-4d3e-4803-bc4d-dcafb5579965"/>
<objectids-entry key="¤¤" objectid="408" type="MONITOR" value="LG localhost:7100$NeoLoad$lgthroughput.localhost:7100"/>
<objectids-entry key="¤¤" objectid="409" type="MONITOR" value="LG localhost:7100$NeoLoad$lguserloadperpopulation~localhost:7100"/>
<objectids-entry key="¤¤" objectid="410" type="MONITOR" value="LG localhost:7100$NeoLoad$lgthreadcount.localhost:7100"/>
<objectids-entry key="¤¤" objectid="411" type="MONITOR" value="LG localhost:7100$NeoLoad$lg.jetty.httpclient.threadpool.used.localhost:7100"/>
<objectids-entry key="¤¤" objectid="412" type="MONITOR" value="LG localhost:7100$NeoLoad$lg.jetty.httpclient.taskpool.used.localhost:7100"/>
<objectids-entry key="¤¤" objectid="413" type="THRESHOLD" value="LG localhost:7100$NeoLoad$dad4aeb8-4373-4b12-9794-889dbabf0801"/>
<objectids-entry key="¤¤" objectid="414" type="MONITOR" value="LG localhost:7100$NeoLoad$lgdisconnections.localhost:7100"/>
<objectids-entry key="¤¤" objectid="415" type="MONITOR" value="LG localhost:7100$NeoLoad$lgreconnections.localhost:7100"/>
<objectids-entry key="¤¤" objectid="416" type="MONITOR" value="LG localhost:7100$NeoLoad$lgping.localhost:7100"/>
<objectids-entry key="¤¤" objectid="417" type="MONITOR" value="LG localhost:7100$NeoLoad$lgotcp.localhost:7100"/>
<objectids-entry key="¤¤" objectid="418" type="MONITOR" value="LG localhost:7100$NeoLoad$lgtcp.localhost:7100"/>
</objectids-table>
<!--****** DURATION ******-->
<duration value="4335222"/>
<!--****** AGGREGATION PERIOD ******-->
<aggregation-period value="5000"/>
<!--****** EXTENDED STATISTICS ******-->
<truncated-mean centered-interval="true" percentage="90"/>
<percentile percentage="50"/>
</project>
